bin,freq_hz,abs_h,training_noise,mean_abs_llr
400,2343.75,,,
401,2349.609375,,,
402,2355.46875,,,
403,2361.328125,,,
404,2367.1875,,,
405,2373.046875,,,
406,2378.90625,,,
407,2384.765625,,,
408,2390.625,,,
409,2396.484375,,,
410,2402.34375,,,
411,2408.203125,,,
412,2414.0625,,,
413,2419.921875,,,
414,2425.78125,,,
415,2431.640625,,,
416,2437.5,,,
417,2443.359375,,,
418,2449.21875,,,
419,2455.078125,,,
420,2460.9375,,,
421,2466.796875,,,
422,2472.65625,,,
423,2478.515625,,,
424,2484.375,,,
425,2490.234375,,,
426,2496.09375,,,
427,2501.953125,,,
428,2507.8125,,,
429,2513.671875,,,
430,2519.53125,,,
431,2525.390625,,,
432,2531.25,,,
433,2537.109375,,,
434,2542.96875,,,
435,2548.828125,,,
436,2554.6875,,,
437,2560.546875,,,
438,2566.40625,,,
439,2572.265625,,,
440,2578.125,,,
441,2583.984375,,,
442,2589.84375,,,
443,2595.703125,,,
444,2601.5625,,,
445,2607.421875,,,
446,2613.28125,,,
447,2619.140625,,,
448,2625.0,,,
449,2630.859375,,,
450,2636.71875,,,
451,2642.578125,,,
452,2648.4375,,,
453,2654.296875,,,
454,2660.15625,,,
455,2666.015625,,,
456,2671.875,,,
457,2677.734375,,,
458,2683.59375,,,
459,2689.453125,,,
460,2695.3125,,,
461,2701.171875,,,
462,2707.03125,,,
463,2712.890625,,,
464,2718.75,,,
465,2724.609375,,,
466,2730.46875,,,
467,2736.328125,,,
468,2742.1875,,,
469,2748.046875,,,
470,2753.90625,,,
471,2759.765625,,,
472,2765.625,,,
473,2771.484375,,,
474,2777.34375,,,
475,2783.203125,,,
476,2789.0625,,,
477,2794.921875,,,
478,2800.78125,,,
479,2806.640625,,,
480,2812.5,,,
481,2818.359375,,,
482,2824.21875,,,
483,2830.078125,,,
484,2835.9375,,,
485,2841.796875,,,
486,2847.65625,,,
487,2853.515625,,,
488,2859.375,,,
489,2865.234375,,,
490,2871.09375,,,
491,2876.953125,,,
492,2882.8125,,,
493,2888.671875,,,
494,2894.53125,,,
495,2900.390625,,,
496,2906.25,,,
497,2912.109375,,,
498,2917.96875,,,
499,2923.828125,,,
500,2929.6875,,,
501,2935.546875,,,
502,2941.40625,,,
503,2947.265625,,,
504,2953.125,,,
505,2958.984375,,,
506,2964.84375,,,
507,2970.703125,,,
508,2976.5625,,,
509,2982.421875,,,
510,2988.28125,,,
511,2994.140625,,,
512,3000.0,,,
513,3005.859375,,,
514,3011.71875,,,
515,3017.578125,,,
516,3023.4375,,,
517,3029.296875,,,
518,3035.15625,,,
519,3041.015625,,,
520,3046.875,,,
521,3052.734375,,,
522,3058.59375,,,
523,3064.453125,,,
524,3070.3125,,,
525,3076.171875,,,
526,3082.03125,,,
527,3087.890625,,,
528,3093.75,,,
529,3099.609375,,,
530,3105.46875,,,
531,3111.328125,,,
532,3117.1875,,,
533,3123.046875,,,
534,3128.90625,,,
535,3134.765625,,,
536,3140.625,,,
537,3146.484375,,,
538,3152.34375,,,
539,3158.203125,,,
540,3164.0625,,,
541,3169.921875,,,
542,3175.78125,,,
543,3181.640625,,,
544,3187.5,,,
545,3193.359375,,,
546,3199.21875,,,
547,3205.078125,,,
548,3210.9375,,,
549,3216.796875,,,
550,3222.65625,,,
551,3228.515625,,,
552,3234.375,,,
553,3240.234375,,,
554,3246.09375,,,
555,3251.953125,,,
556,3257.8125,,,
557,3263.671875,,,
558,3269.53125,,,
559,3275.390625,,,
560,3281.25,,,
561,3287.109375,,,
562,3292.96875,,,
563,3298.828125,,,
564,3304.6875,,,
565,3310.546875,,,
566,3316.40625,,,
567,3322.265625,,,
568,3328.125,,,
569,3333.984375,,,
570,3339.84375,,,
571,3345.703125,,,
572,3351.5625,,,
573,3357.421875,,,
574,3363.28125,,,
575,3369.140625,,,
576,3375.0,,,
577,3380.859375,,,
578,3386.71875,,,
579,3392.578125,,,
580,3398.4375,,,
581,3404.296875,,,
582,3410.15625,,,
583,3416.015625,,,
584,3421.875,,,
585,3427.734375,,,
586,3433.59375,,,
587,3439.453125,,,
588,3445.3125,,,
589,3451.171875,,,
590,3457.03125,,,
591,3462.890625,,,
592,3468.75,,,
593,3474.609375,,,
594,3480.46875,,,
595,3486.328125,,,
596,3492.1875,,,
597,3498.046875,,,
598,3503.90625,,,
599,3509.765625,,,
600,3515.625,,,
601,3521.484375,,,
602,3527.34375,,,
603,3533.203125,,,
604,3539.0625,,,
605,3544.921875,,,
606,3550.78125,,,
607,3556.640625,,,
608,3562.5,,,
609,3568.359375,,,
610,3574.21875,,,
611,3580.078125,,,
612,3585.9375,,,
613,3591.796875,,,
614,3597.65625,,,
615,3603.515625,,,
616,3609.375,,,
617,3615.234375,,,
618,3621.09375,,,
619,3626.953125,,,
620,3632.8125,,,
621,3638.671875,,,
622,3644.53125,,,
623,3650.390625,,,
624,3656.25,,,
625,3662.109375,,,
626,3667.96875,,,
627,3673.828125,,,
628,3679.6875,,,
629,3685.546875,,,
630,3691.40625,,,
631,3697.265625,,,
632,3703.125,,,
633,3708.984375,,,
634,3714.84375,,,
635,3720.703125,,,
636,3726.5625,,,
637,3732.421875,,,
638,3738.28125,,,
639,3744.140625,,,
640,3750.0,,,
641,3755.859375,,,
642,3761.71875,,,
643,3767.578125,,,
644,3773.4375,,,
645,3779.296875,,,
646,3785.15625,,,
647,3791.015625,,,
648,3796.875,,,
649,3802.734375,,,
650,3808.59375,,,
651,3814.453125,,,
652,3820.3125,,,
653,3826.171875,,,
654,3832.03125,,,
655,3837.890625,,,
656,3843.75,,,
657,3849.609375,,,
658,3855.46875,,,
659,3861.328125,,,
660,3867.1875,,,
661,3873.046875,,,
662,3878.90625,,,
663,3884.765625,,,
664,3890.625,,,
665,3896.484375,,,
666,3902.34375,,,
667,3908.203125,,,
668,3914.0625,,,
669,3919.921875,,,
670,3925.78125,,,
671,3931.640625,,,
672,3937.5,,,
673,3943.359375,,,
674,3949.21875,,,
675,3955.078125,,,
676,3960.9375,,,
677,3966.796875,,,
678,3972.65625,,,
679,3978.515625,,,
680,3984.375,,,
681,3990.234375,,,
682,3996.09375,,,
683,4001.953125,,,
684,4007.8125,,,
685,4013.671875,,,
686,4019.53125,,,
687,4025.390625,,,
688,4031.25,,,
689,4037.109375,,,
690,4042.96875,,,
691,4048.828125,,,
692,4054.6875,,,
693,4060.546875,,,
694,4066.40625,,,
695,4072.265625,,,
696,4078.125,,,
697,4083.984375,,,
698,4089.84375,,,
699,4095.703125,,,
700,4101.5625,,,
701,4107.421875,,,
702,4113.28125,,,
703,4119.140625,,,
704,4125.0,,,
705,4130.859375,,,
706,4136.71875,,,
707,4142.578125,,,
708,4148.4375,,,
709,4154.296875,,,
710,4160.15625,,,
711,4166.015625,,,
712,4171.875,,,
713,4177.734375,,,
714,4183.59375,,,
715,4189.453125,,,
716,4195.3125,,,
717,4201.171875,,,
718,4207.03125,,,
719,4212.890625,,,
720,4218.75,,,
721,4224.609375,,,
722,4230.46875,,,
723,4236.328125,,,
724,4242.1875,,,
725,4248.046875,,,
726,4253.90625,,,
727,4259.765625,,,
728,4265.625,,,
729,4271.484375,,,
730,4277.34375,,,
731,4283.203125,,,
732,4289.0625,,,
733,4294.921875,,,
734,4300.78125,,,
735,4306.640625,,,
736,4312.5,,,
737,4318.359375,,,
738,4324.21875,,,
739,4330.078125,,,
740,4335.9375,,,
741,4341.796875,,,
742,4347.65625,,,
743,4353.515625,,,
744,4359.375,,,
745,4365.234375,,,
746,4371.09375,,,
747,4376.953125,,,
748,4382.8125,,,
749,4388.671875,,,
750,4394.53125,,,
751,4400.390625,,,
752,4406.25,,,
753,4412.109375,,,
754,4417.96875,,,
755,4423.828125,,,
756,4429.6875,,,
757,4435.546875,,,
758,4441.40625,,,
759,4447.265625,,,
760,4453.125,,,
761,4458.984375,,,
762,4464.84375,,,
763,4470.703125,,,
764,4476.5625,,,
765,4482.421875,,,
766,4488.28125,,,
767,4494.140625,,,
768,4500.0,,,
769,4505.859375,,,
770,4511.71875,,,
771,4517.578125,,,
772,4523.4375,,,
773,4529.296875,,,
774,4535.15625,,,
775,4541.015625,,,
776,4546.875,,,
777,4552.734375,,,
778,4558.59375,,,
779,4564.453125,,,
780,4570.3125,,,
781,4576.171875,,,
782,4582.03125,,,
783,4587.890625,,,
784,4593.75,,,
785,4599.609375,,,
786,4605.46875,,,
787,4611.328125,,,
788,4617.1875,,,
789,4623.046875,,,
790,4628.90625,,,
791,4634.765625,,,
792,4640.625,,,
793,4646.484375,,,
794,4652.34375,,,
795,4658.203125,,,
796,4664.0625,,,
797,4669.921875,,,
798,4675.78125,,,
799,4681.640625,,,
800,4687.5,,,
801,4693.359375,,,
802,4699.21875,,,
803,4705.078125,,,
804,4710.9375,,,
805,4716.796875,,,
806,4722.65625,,,
807,4728.515625,,,
808,4734.375,,,
809,4740.234375,,,
810,4746.09375,,,
811,4751.953125,,,
812,4757.8125,,,
813,4763.671875,,,
814,4769.53125,,,
815,4775.390625,,,
816,4781.25,,,
817,4787.109375,,,
818,4792.96875,,,
819,4798.828125,,,
820,4804.6875,,,
821,4810.546875,,,
822,4816.40625,,,
823,4822.265625,,,
824,4828.125,,,
825,4833.984375,,,
826,4839.84375,,,
827,4845.703125,,,
828,4851.5625,,,
829,4857.421875,,,
830,4863.28125,,,
831,4869.140625,,,
832,4875.0,,,
833,4880.859375,,,
834,4886.71875,,,
835,4892.578125,,,
836,4898.4375,,,
837,4904.296875,,,
838,4910.15625,,,
839,4916.015625,,,
840,4921.875,,,
841,4927.734375,,,
842,4933.59375,,,
843,4939.453125,,,
844,4945.3125,,,
845,4951.171875,,,
846,4957.03125,,,
847,4962.890625,,,
848,4968.75,,,
849,4974.609375,,,
850,4980.46875,,,
851,4986.328125,,,
852,4992.1875,,,
853,4998.046875,,,
854,5003.90625,,,
855,5009.765625,,,
856,5015.625,,,
857,5021.484375,,,
858,5027.34375,,,
859,5033.203125,,,
860,5039.0625,,,
861,5044.921875,,,
862,5050.78125,,,
863,5056.640625,,,
864,5062.5,,,
865,5068.359375,,,
866,5074.21875,,,
867,5080.078125,,,
868,5085.9375,,,
869,5091.796875,,,
870,5097.65625,,,
871,5103.515625,,,
872,5109.375,,,
873,5115.234375,,,
874,5121.09375,,,
875,5126.953125,,,
876,5132.8125,,,
877,5138.671875,,,
878,5144.53125,,,
879,5150.390625,,,
880,5156.25,,,
881,5162.109375,,,
882,5167.96875,,,
883,5173.828125,,,
884,5179.6875,,,
885,5185.546875,,,
886,5191.40625,,,
887,5197.265625,,,
888,5203.125,,,
889,5208.984375,,,
890,5214.84375,,,
891,5220.703125,,,
892,5226.5625,,,
893,5232.421875,,,
894,5238.28125,,,
895,5244.140625,,,
896,5250.0,,,
897,5255.859375,,,
898,5261.71875,,,
899,5267.578125,,,
900,5273.4375,,,
901,5279.296875,,,
902,5285.15625,,,
903,5291.015625,,,
904,5296.875,,,
905,5302.734375,,,
906,5308.59375,,,
907,5314.453125,,,
908,5320.3125,,,
909,5326.171875,,,
910,5332.03125,,,
911,5337.890625,,,
912,5343.75,,,
913,5349.609375,,,
914,5355.46875,,,
915,5361.328125,,,
916,5367.1875,,,
917,5373.046875,,,
918,5378.90625,,,
919,5384.765625,,,
920,5390.625,,,
921,5396.484375,,,
922,5402.34375,,,
923,5408.203125,,,
924,5414.0625,,,
925,5419.921875,,,
926,5425.78125,,,
927,5431.640625,,,
928,5437.5,,,
929,5443.359375,,,
930,5449.21875,,,
931,5455.078125,,,
932,5460.9375,,,
933,5466.796875,,,
934,5472.65625,,,
935,5478.515625,,,
936,5484.375,,,
937,5490.234375,,,
938,5496.09375,,,
939,5501.953125,,,
940,5507.8125,,,
941,5513.671875,,,
942,5519.53125,,,
943,5525.390625,,,
944,5531.25,,,
945,5537.109375,,,
946,5542.96875,,,
947,5548.828125,,,
948,5554.6875,,,
949,5560.546875,,,
950,5566.40625,,,
951,5572.265625,,,
952,5578.125,,,
953,5583.984375,,,
954,5589.84375,,,
955,5595.703125,,,
956,5601.5625,,,
957,5607.421875,,,
958,5613.28125,,,
959,5619.140625,,,
960,5625.0,,,
961,5630.859375,,,
962,5636.71875,,,
963,5642.578125,,,
964,5648.4375,,,
965,5654.296875,,,
966,5660.15625,,,
967,5666.015625,,,
968,5671.875,,,
969,5677.734375,,,
970,5683.59375,,,
971,5689.453125,,,
972,5695.3125,,,
973,5701.171875,,,
974,5707.03125,,,
975,5712.890625,,,
976,5718.75,,,
977,5724.609375,,,
978,5730.46875,,,
979,5736.328125,,,
980,5742.1875,,,
981,5748.046875,,,
982,5753.90625,,,
983,5759.765625,,,
984,5765.625,,,
985,5771.484375,,,
986,5777.34375,,,
987,5783.203125,,,
988,5789.0625,,,
989,5794.921875,,,
990,5800.78125,,,
991,5806.640625,,,
992,5812.5,,,
993,5818.359375,,,
994,5824.21875,,,
995,5830.078125,,,
996,5835.9375,,,
997,5841.796875,,,
998,5847.65625,,,
999,5853.515625,,,
1000,5859.375,,,
1001,5865.234375,,,
1002,5871.09375,,,
1003,5876.953125,,,
1004,5882.8125,,,
1005,5888.671875,,,
1006,5894.53125,,,
1007,5900.390625,,,
1008,5906.25,,,
1009,5912.109375,,,
1010,5917.96875,,,
1011,5923.828125,,,
1012,5929.6875,,,
1013,5935.546875,,,
1014,5941.40625,,,
1015,5947.265625,,,
1016,5953.125,,,
1017,5958.984375,,,
1018,5964.84375,,,
1019,5970.703125,,,
1020,5976.5625,,,
1021,5982.421875,,,
1022,5988.28125,,,
1023,5994.140625,,,
1024,6000.0,,,
1025,6005.859375,,,
1026,6011.71875,,,
1027,6017.578125,,,
1028,6023.4375,,,
1029,6029.296875,,,
1030,6035.15625,,,
1031,6041.015625,,,
1032,6046.875,,,
1033,6052.734375,,,
1034,6058.59375,,,
1035,6064.453125,,,
1036,6070.3125,,,
1037,6076.171875,,,
1038,6082.03125,,,
1039,6087.890625,,,
1040,6093.75,,,
1041,6099.609375,,,
1042,6105.46875,,,
1043,6111.328125,,,
1044,6117.1875,,,
1045,6123.046875,,,
1046,6128.90625,,,
1047,6134.765625,,,
1048,6140.625,,,
1049,6146.484375,,,
1050,6152.34375,,,
1051,6158.203125,,,
1052,6164.0625,,,
1053,6169.921875,,,
1054,6175.78125,,,
1055,6181.640625,,,
1056,6187.5,,,
1057,6193.359375,,,
1058,6199.21875,,,
1059,6205.078125,,,
1060,6210.9375,,,
1061,6216.796875,,,
1062,6222.65625,,,
1063,6228.515625,,,
1064,6234.375,,,
1065,6240.234375,,,
1066,6246.09375,,,
1067,6251.953125,,,
1068,6257.8125,,,
1069,6263.671875,,,
1070,6269.53125,,,
1071,6275.390625,,,
1072,6281.25,,,
1073,6287.109375,,,
1074,6292.96875,,,
1075,6298.828125,,,
1076,6304.6875,,,
1077,6310.546875,,,
1078,6316.40625,,,
1079,6322.265625,,,
1080,6328.125,,,
1081,6333.984375,,,
1082,6339.84375,,,
1083,6345.703125,,,
1084,6351.5625,,,
1085,6357.421875,,,
1086,6363.28125,,,
1087,6369.140625,,,
1088,6375.0,,,
1089,6380.859375,,,
1090,6386.71875,,,
1091,6392.578125,,,
1092,6398.4375,,,
1093,6404.296875,,,
1094,6410.15625,,,
1095,6416.015625,,,
1096,6421.875,,,
1097,6427.734375,,,
1098,6433.59375,,,
1099,6439.453125,,,
1100,6445.3125,,,
1101,6451.171875,,,
1102,6457.03125,,,
1103,6462.890625,,,
1104,6468.75,,,
1105,6474.609375,,,
1106,6480.46875,,,
1107,6486.328125,,,
1108,6492.1875,,,
1109,6498.046875,,,
1110,6503.90625,,,
1111,6509.765625,,,
1112,6515.625,,,
1113,6521.484375,,,
1114,6527.34375,,,
1115,6533.203125,,,
1116,6539.0625,,,
1117,6544.921875,,,
1118,6550.78125,,,
1119,6556.640625,,,
1120,6562.5,,,
1121,6568.359375,,,
1122,6574.21875,,,
1123,6580.078125,,,
1124,6585.9375,,,
1125,6591.796875,,,
1126,6597.65625,,,
1127,6603.515625,,,
1128,6609.375,,,
1129,6615.234375,,,
1130,6621.09375,,,
1131,6626.953125,,,
1132,6632.8125,,,
1133,6638.671875,,,
1134,6644.53125,,,
1135,6650.390625,,,
1136,6656.25,,,
1137,6662.109375,,,
1138,6667.96875,,,
1139,6673.828125,,,
1140,6679.6875,,,
1141,6685.546875,,,
1142,6691.40625,,,
1143,6697.265625,,,
1144,6703.125,,,
1145,6708.984375,,,
1146,6714.84375,,,
1147,6720.703125,,,
1148,6726.5625,,,
1149,6732.421875,,,
1150,6738.28125,,,
1151,6744.140625,,,
1152,6750.0,,,
1153,6755.859375,,,
1154,6761.71875,,,
1155,6767.578125,,,
1156,6773.4375,,,
1157,6779.296875,,,
1158,6785.15625,,,
1159,6791.015625,,,
1160,6796.875,,,
1161,6802.734375,,,
1162,6808.59375,,,
1163,6814.453125,,,
1164,6820.3125,,,
1165,6826.171875,,,
1166,6832.03125,,,
1167,6837.890625,,,
1168,6843.75,,,
1169,6849.609375,,,
1170,6855.46875,,,
1171,6861.328125,,,
1172,6867.1875,,,
1173,6873.046875,,,
1174,6878.90625,,,
1175,6884.765625,,,
1176,6890.625,,,
1177,6896.484375,,,
1178,6902.34375,,,
1179,6908.203125,,,
1180,6914.0625,,,
1181,6919.921875,,,
1182,6925.78125,,,
1183,6931.640625,,,
1184,6937.5,,,
1185,6943.359375,,,
1186,6949.21875,,,
1187,6955.078125,,,
1188,6960.9375,,,
1189,6966.796875,,,
1190,6972.65625,,,
1191,6978.515625,,,
1192,6984.375,,,
1193,6990.234375,,,
1194,6996.09375,,,
1195,7001.953125,,,
1196,7007.8125,,,
1197,7013.671875,,,
1198,7019.53125,,,
1199,7025.390625,,,
1200,7031.25,,,
1201,7037.109375,,,
1202,7042.96875,,,
1203,7048.828125,,,
1204,7054.6875,,,
1205,7060.546875,,,
1206,7066.40625,,,
1207,7072.265625,,,
1208,7078.125,,,
1209,7083.984375,,,
1210,7089.84375,,,
1211,7095.703125,,,
1212,7101.5625,,,
1213,7107.421875,,,
1214,7113.28125,,,
1215,7119.140625,,,
1216,7125.0,,,
1217,7130.859375,,,
1218,7136.71875,,,
1219,7142.578125,,,
1220,7148.4375,,,
1221,7154.296875,,,
1222,7160.15625,,,
1223,7166.015625,,,
1224,7171.875,,,
1225,7177.734375,,,
1226,7183.59375,,,
1227,7189.453125,,,
1228,7195.3125,,,
1229,7201.171875,,,
1230,7207.03125,,,
1231,7212.890625,,,
1232,7218.75,,,
1233,7224.609375,,,
1234,7230.46875,,,
1235,7236.328125,,,
1236,7242.1875,,,
1237,7248.046875,,,
1238,7253.90625,,,
1239,7259.765625,,,
1240,7265.625,,,
1241,7271.484375,,,
1242,7277.34375,,,
1243,7283.203125,,,
1244,7289.0625,,,
1245,7294.921875,,,
1246,7300.78125,,,
1247,7306.640625,,,
1248,7312.5,,,
1249,7318.359375,,,
1250,7324.21875,,,
1251,7330.078125,,,
1252,7335.9375,,,
1253,7341.796875,,,
1254,7347.65625,,,
1255,7353.515625,,,
1256,7359.375,,,
1257,7365.234375,,,
1258,7371.09375,,,
1259,7376.953125,,,
1260,7382.8125,,,
1261,7388.671875,,,
1262,7394.53125,,,
1263,7400.390625,,,
1264,7406.25,,,
1265,7412.109375,,,
1266,7417.96875,,,
1267,7423.828125,,,
1268,7429.6875,,,
1269,7435.546875,,,
1270,7441.40625,,,
1271,7447.265625,,,
1272,7453.125,,,
1273,7458.984375,,,
1274,7464.84375,,,
1275,7470.703125,,,
1276,7476.5625,,,
1277,7482.421875,,,
1278,7488.28125,,,
1279,7494.140625,,,
1280,7500.0,,,
1281,7505.859375,,,
1282,7511.71875,,,
1283,7517.578125,,,
1284,7523.4375,,,
1285,7529.296875,,,
1286,7535.15625,,,
1287,7541.015625,,,
1288,7546.875,,,
1289,7552.734375,,,
1290,7558.59375,,,
1291,7564.453125,,,
1292,7570.3125,,,
1293,7576.171875,,,
1294,7582.03125,,,
1295,7587.890625,,,
1296,7593.75,,,
1297,7599.609375,,,
1298,7605.46875,,,
1299,7611.328125,,,
1300,7617.1875,,,
1301,7623.046875,,,
1302,7628.90625,,,
1303,7634.765625,,,
1304,7640.625,,,
1305,7646.484375,,,
1306,7652.34375,,,
1307,7658.203125,,,
1308,7664.0625,,,
1309,7669.921875,,,
1310,7675.78125,,,
1311,7681.640625,,,
1312,7687.5,,,
1313,7693.359375,,,
1314,7699.21875,,,
1315,7705.078125,,,
1316,7710.9375,,,
1317,7716.796875,,,
1318,7722.65625,,,
1319,7728.515625,,,
1320,7734.375,,,
1321,7740.234375,,,
1322,7746.09375,,,
1323,7751.953125,,,
1324,7757.8125,,,
1325,7763.671875,,,
1326,7769.53125,,,
1327,7775.390625,,,
1328,7781.25,,,
1329,7787.109375,,,
1330,7792.96875,,,
1331,7798.828125,,,
1332,7804.6875,,,
1333,7810.546875,,,
1334,7816.40625,,,
1335,7822.265625,,,
1336,7828.125,,,
1337,7833.984375,,,
1338,7839.84375,,,
1339,7845.703125,,,
1340,7851.5625,,,
1341,7857.421875,,,
1342,7863.28125,,,
1343,7869.140625,,,
1344,7875.0,,,
1345,7880.859375,,,
1346,7886.71875,,,
1347,7892.578125,,,
1348,7898.4375,,,
1349,7904.296875,,,
1350,7910.15625,,,
1351,7916.015625,,,
1352,7921.875,,,
1353,7927.734375,,,
1354,7933.59375,,,
1355,7939.453125,,,
1356,7945.3125,,,
1357,7951.171875,,,
1358,7957.03125,,,
1359,7962.890625,,,
1360,7968.75,,,
1361,7974.609375,,,
1362,7980.46875,,,
1363,7986.328125,,,
1364,7992.1875,,,
1365,7998.046875,,,
1366,8003.90625,,,
1367,8009.765625,,,
1368,8015.625,,,
1369,8021.484375,,,
1370,8027.34375,,,
1371,8033.203125,,,
1372,8039.0625,,,
1373,8044.921875,,,
1374,8050.78125,,,
1375,8056.640625,,,
1376,8062.5,,,
1377,8068.359375,,,
1378,8074.21875,,,
1379,8080.078125,,,
1380,8085.9375,,,
1381,8091.796875,,,
1382,8097.65625,,,
1383,8103.515625,,,
1384,8109.375,,,
1385,8115.234375,,,
1386,8121.09375,,,
1387,8126.953125,,,
1388,8132.8125,,,
1389,8138.671875,,,
1390,8144.53125,,,
1391,8150.390625,,,
1392,8156.25,,,
1393,8162.109375,,,
1394,8167.96875,,,
1395,8173.828125,,,
1396,8179.6875,,,
1397,8185.546875,,,
1398,8191.40625,,,
1399,8197.265625,,,
1400,8203.125,,,
1401,8208.984375,,,
1402,8214.84375,,,
1403,8220.703125,,,
1404,8226.5625,,,
1405,8232.421875,,,
1406,8238.28125,,,
1407,8244.140625,,,
1408,8250.0,,,
1409,8255.859375,,,
1410,8261.71875,,,
1411,8267.578125,,,
1412,8273.4375,,,
1413,8279.296875,,,
1414,8285.15625,,,
1415,8291.015625,,,
1416,8296.875,,,
1417,8302.734375,,,
1418,8308.59375,,,
1419,8314.453125,,,
1420,8320.3125,,,
1421,8326.171875,,,
1422,8332.03125,,,
1423,8337.890625,,,
1424,8343.75,,,
1425,8349.609375,,,
1426,8355.46875,,,
1427,8361.328125,,,
1428,8367.1875,,,
1429,8373.046875,,,
1430,8378.90625,,,
1431,8384.765625,,,
1432,8390.625,,,
1433,8396.484375,,,
1434,8402.34375,,,
1435,8408.203125,,,
1436,8414.0625,,,
1437,8419.921875,,,
1438,8425.78125,,,
1439,8431.640625,,,
1440,8437.5,,,
1441,8443.359375,,,
1442,8449.21875,,,
1443,8455.078125,,,
1444,8460.9375,,,
1445,8466.796875,,,
1446,8472.65625,,,
1447,8478.515625,,,
1448,8484.375,,,
1449,8490.234375,,,
1450,8496.09375,,,
1451,8501.953125,,,
1452,8507.8125,,,
1453,8513.671875,,,
1454,8519.53125,,,
1455,8525.390625,,,
1456,8531.25,,,
1457,8537.109375,,,
1458,8542.96875,,,
1459,8548.828125,,,
1460,8554.6875,,,
1461,8560.546875,,,
1462,8566.40625,,,
1463,8572.265625,,,
1464,8578.125,,,
1465,8583.984375,,,
1466,8589.84375,,,
1467,8595.703125,,,
1468,8601.5625,,,
1469,8607.421875,,,
1470,8613.28125,,,
1471,8619.140625,,,
1472,8625.0,,,
1473,8630.859375,,,
1474,8636.71875,,,
1475,8642.578125,,,
1476,8648.4375,,,
1477,8654.296875,,,
1478,8660.15625,,,
1479,8666.015625,,,
1480,8671.875,,,
1481,8677.734375,,,
1482,8683.59375,,,
1483,8689.453125,,,
1484,8695.3125,,,
1485,8701.171875,,,
1486,8707.03125,,,
1487,8712.890625,,,
1488,8718.75,,,
1489,8724.609375,,,
1490,8730.46875,,,
1491,8736.328125,,,
1492,8742.1875,,,
1493,8748.046875,,,
1494,8753.90625,,,
1495,8759.765625,,,
1496,8765.625,,,
1497,8771.484375,,,
1498,8777.34375,,,
1499,8783.203125,,,
1500,8789.0625,,,
1501,8794.921875,,,
1502,8800.78125,,,
1503,8806.640625,,,
1504,8812.5,,,
1505,8818.359375,,,
1506,8824.21875,,,
1507,8830.078125,,,
1508,8835.9375,,,
1509,8841.796875,,,
1510,8847.65625,,,
1511,8853.515625,,,
1512,8859.375,,,
1513,8865.234375,,,
1514,8871.09375,,,
1515,8876.953125,,,
1516,8882.8125,,,
1517,8888.671875,,,
1518,8894.53125,,,
1519,8900.390625,,,
1520,8906.25,,,
1521,8912.109375,,,
1522,8917.96875,,,
1523,8923.828125,,,
1524,8929.6875,,,
1525,8935.546875,,,
1526,8941.40625,,,
1527,8947.265625,,,
1528,8953.125,,,
1529,8958.984375,,,
1530,8964.84375,,,
1531,8970.703125,,,
1532,8976.5625,,,
1533,8982.421875,,,
1534,8988.28125,,,
1535,8994.140625,,,
1536,9000.0,,,
1537,9005.859375,,,
1538,9011.71875,,,
1539,9017.578125,,,
1540,9023.4375,,,
1541,9029.296875,,,
1542,9035.15625,,,
1543,9041.015625,,,
1544,9046.875,,,
1545,9052.734375,,,
1546,9058.59375,,,
1547,9064.453125,,,
1548,9070.3125,,,
1549,9076.171875,,,
1550,9082.03125,,,
1551,9087.890625,,,
1552,9093.75,,,
1553,9099.609375,,,
1554,9105.46875,,,
1555,9111.328125,,,
1556,9117.1875,,,
1557,9123.046875,,,
1558,9128.90625,,,
1559,9134.765625,,,
1560,9140.625,,,
1561,9146.484375,,,
1562,9152.34375,,,
1563,9158.203125,,,
1564,9164.0625,,,
1565,9169.921875,,,
1566,9175.78125,,,
1567,9181.640625,,,
1568,9187.5,,,
1569,9193.359375,,,
1570,9199.21875,,,
1571,9205.078125,,,
1572,9210.9375,,,
1573,9216.796875,,,
1574,9222.65625,,,
1575,9228.515625,,,
1576,9234.375,,,
1577,9240.234375,,,
1578,9246.09375,,,
1579,9251.953125,,,
1580,9257.8125,,,
1581,9263.671875,,,
1582,9269.53125,,,
1583,9275.390625,,,
1584,9281.25,,,
1585,9287.109375,,,
1586,9292.96875,,,
1587,9298.828125,,,
1588,9304.6875,,,
1589,9310.546875,,,
1590,9316.40625,,,
1591,9322.265625,,,
1592,9328.125,,,
1593,9333.984375,,,
1594,9339.84375,,,
1595,9345.703125,,,
1596,9351.5625,,,
1597,9357.421875,,,
1598,9363.28125,,,
1599,9369.140625,,,
1600,9375.0,,,
1601,9380.859375,,,
1602,9386.71875,,,
1603,9392.578125,,,
1604,9398.4375,,,
1605,9404.296875,,,
1606,9410.15625,,,
1607,9416.015625,,,
1608,9421.875,,,
1609,9427.734375,,,
1610,9433.59375,,,
1611,9439.453125,,,
1612,9445.3125,,,
1613,9451.171875,,,
1614,9457.03125,,,
1615,9462.890625,,,
1616,9468.75,,,
1617,9474.609375,,,
1618,9480.46875,,,
1619,9486.328125,,,
1620,9492.1875,,,
1621,9498.046875,,,
1622,9503.90625,,,
1623,9509.765625,,,
1624,9515.625,,,
1625,9521.484375,,,
1626,9527.34375,,,
1627,9533.203125,,,
1628,9539.0625,,,
1629,9544.921875,,,
1630,9550.78125,,,
1631,9556.640625,,,
1632,9562.5,,,
1633,9568.359375,,,
1634,9574.21875,,,
1635,9580.078125,,,
1636,9585.9375,,,
1637,9591.796875,,,
1638,9597.65625,,,
1639,9603.515625,,,
1640,9609.375,,,
1641,9615.234375,,,
1642,9621.09375,,,
1643,9626.953125,,,
1644,9632.8125,,,
1645,9638.671875,,,
1646,9644.53125,,,
1647,9650.390625,,,
1648,9656.25,,,
1649,9662.109375,,,
1650,9667.96875,,,
1651,9673.828125,,,
1652,9679.6875,,,
1653,9685.546875,,,
1654,9691.40625,,,
1655,9697.265625,,,
1656,9703.125,,,
1657,9708.984375,,,
1658,9714.84375,,,
1659,9720.703125,,,
1660,9726.5625,,,
1661,9732.421875,,,
1662,9738.28125,,,
1663,9744.140625,,,
1664,9750.0,,,
1665,9755.859375,,,
1666,9761.71875,,,
1667,9767.578125,,,
1668,9773.4375,,,
1669,9779.296875,,,
1670,9785.15625,,,
1671,9791.015625,,,
1672,9796.875,,,
1673,9802.734375,,,
1674,9808.59375,,,
1675,9814.453125,,,
1676,9820.3125,,,
1677,9826.171875,,,
1678,9832.03125,,,
1679,9837.890625,,,
1680,9843.75,,,
1681,9849.609375,,,
1682,9855.46875,,,
1683,9861.328125,,,
1684,9867.1875,,,
1685,9873.046875,,,
1686,9878.90625,,,
1687,9884.765625,,,
1688,9890.625,,,
1689,9896.484375,,,
1690,9902.34375,,,
1691,9908.203125,,,
1692,9914.0625,,,
1693,9919.921875,,,
1694,9925.78125,,,
1695,9931.640625,,,
1696,9937.5,,,
1697,9943.359375,,,
1698,9949.21875,,,
1699,9955.078125,,,
1700,9960.9375,,,
1701,9966.796875,,,
1702,9972.65625,,,
1703,9978.515625,,,
1704,9984.375,,,
1705,9990.234375,,,
1706,9996.09375,,,
1707,10001.953125,,,
1708,10007.8125,,,
1709,10013.671875,,,
1710,10019.53125,,,
1711,10025.390625,,,
1712,10031.25,,,
1713,10037.109375,,,
1714,10042.96875,,,
1715,10048.828125,,,
1716,10054.6875,,,
1717,10060.546875,,,
1718,10066.40625,,,
1719,10072.265625,,,
1720,10078.125,,,
1721,10083.984375,,,
1722,10089.84375,,,
1723,10095.703125,,,
1724,10101.5625,,,
1725,10107.421875,,,
1726,10113.28125,,,
1727,10119.140625,,,
1728,10125.0,,,
1729,10130.859375,,,
1730,10136.71875,,,
1731,10142.578125,,,
1732,10148.4375,,,
1733,10154.296875,,,
1734,10160.15625,,,
1735,10166.015625,,,
1736,10171.875,,,
1737,10177.734375,,,
1738,10183.59375,,,
1739,10189.453125,,,
1740,10195.3125,,,
1741,10201.171875,,,
1742,10207.03125,,,
1743,10212.890625,,,
1744,10218.75,,,
1745,10224.609375,,,
1746,10230.46875,,,
1747,10236.328125,,,
1748,10242.1875,,,
1749,10248.046875,,,
1750,10253.90625,,,
1751,10259.765625,,,
1752,10265.625,,,
1753,10271.484375,,,
1754,10277.34375,,,
1755,10283.203125,,,
1756,10289.0625,,,
1757,10294.921875,,,
1758,10300.78125,,,
1759,10306.640625,,,
1760,10312.5,,,
1761,10318.359375,,,
1762,10324.21875,,,
1763,10330.078125,,,
1764,10335.9375,,,
1765,10341.796875,,,
1766,10347.65625,,,
1767,10353.515625,,,
1768,10359.375,,,
1769,10365.234375,,,
1770,10371.09375,,,
1771,10376.953125,,,
1772,10382.8125,,,
1773,10388.671875,,,
1774,10394.53125,,,
1775,10400.390625,,,
1776,10406.25,,,
1777,10412.109375,,,
1778,10417.96875,,,
1779,10423.828125,,,
1780,10429.6875,,,
1781,10435.546875,,,
1782,10441.40625,,,
1783,10447.265625,,,
1784,10453.125,,,
1785,10458.984375,,,
1786,10464.84375,,,
1787,10470.703125,,,
1788,10476.5625,,,
1789,10482.421875,,,
1790,10488.28125,,,
1791,10494.140625,,,
1792,10500.0,,,
1793,10505.859375,,,
1794,10511.71875,,,
1795,10517.578125,,,
1796,10523.4375,,,
1797,10529.296875,,,
1798,10535.15625,,,
1799,10541.015625,,,
1800,10546.875,,,
1801,10552.734375,,,
1802,10558.59375,,,
1803,10564.453125,,,
1804,10570.3125,,,
1805,10576.171875,,,
1806,10582.03125,,,
1807,10587.890625,,,
1808,10593.75,,,
1809,10599.609375,,,
1810,10605.46875,,,
1811,10611.328125,,,
1812,10617.1875,,,
1813,10623.046875,,,
1814,10628.90625,,,
1815,10634.765625,,,
1816,10640.625,,,
1817,10646.484375,,,
1818,10652.34375,,,
1819,10658.203125,,,
1820,10664.0625,,,
1821,10669.921875,,,
1822,10675.78125,,,
1823,10681.640625,,,
1824,10687.5,,,
1825,10693.359375,,,
1826,10699.21875,,,
1827,10705.078125,,,
1828,10710.9375,,,
1829,10716.796875,,,
1830,10722.65625,,,
1831,10728.515625,,,
1832,10734.375,,,
1833,10740.234375,,,
1834,10746.09375,,,
1835,10751.953125,,,
1836,10757.8125,,,
1837,10763.671875,,,
1838,10769.53125,,,
1839,10775.390625,,,
1840,10781.25,,,
1841,10787.109375,,,
1842,10792.96875,,,
1843,10798.828125,,,
1844,10804.6875,,,
1845,10810.546875,,,
1846,10816.40625,,,
1847,10822.265625,,,
1848,10828.125,,,
1849,10833.984375,,,
1850,10839.84375,,,
1851,10845.703125,,,
1852,10851.5625,,,
1853,10857.421875,,,
1854,10863.28125,,,
1855,10869.140625,,,
1856,10875.0,,,
1857,10880.859375,,,
1858,10886.71875,,,
1859,10892.578125,,,
1860,10898.4375,,,
1861,10904.296875,,,
1862,10910.15625,,,
1863,10916.015625,,,
1864,10921.875,,,
1865,10927.734375,,,
1866,10933.59375,,,
1867,10939.453125,,,
1868,10945.3125,,,
1869,10951.171875,,,
1870,10957.03125,,,
1871,10962.890625,,,
1872,10968.75,,,
1873,10974.609375,,,
1874,10980.46875,,,
1875,10986.328125,,,
1876,10992.1875,,,
1877,10998.046875,,,
1878,11003.90625,,,
1879,11009.765625,,,
1880,11015.625,,,
1881,11021.484375,,,
1882,11027.34375,,,
1883,11033.203125,,,
1884,11039.0625,,,
1885,11044.921875,,,
1886,11050.78125,,,
1887,11056.640625,,,
1888,11062.5,,,
1889,11068.359375,,,
1890,11074.21875,,,
1891,11080.078125,,,
1892,11085.9375,,,
1893,11091.796875,,,
1894,11097.65625,,,
1895,11103.515625,,,
1896,11109.375,,,
1897,11115.234375,,,
1898,11121.09375,,,
1899,11126.953125,,,
1900,11132.8125,,,
1901,11138.671875,,,
1902,11144.53125,,,
1903,11150.390625,,,
1904,11156.25,,,
1905,11162.109375,,,
1906,11167.96875,,,
1907,11173.828125,,,
1908,11179.6875,,,
1909,11185.546875,,,
1910,11191.40625,,,
1911,11197.265625,,,
1912,11203.125,,,
1913,11208.984375,,,
1914,11214.84375,,,
1915,11220.703125,,,
1916,11226.5625,,,
1917,11232.421875,,,
1918,11238.28125,,,
1919,11244.140625,,,
1920,11250.0,,,
1921,11255.859375,,,
1922,11261.71875,,,
1923,11267.578125,,,
1924,11273.4375,,,
1925,11279.296875,,,
1926,11285.15625,,,
1927,11291.015625,,,
1928,11296.875,,,
1929,11302.734375,,,
1930,11308.59375,,,
1931,11314.453125,,,
1932,11320.3125,,,
1933,11326.171875,,,
1934,11332.03125,,,
1935,11337.890625,,,
1936,11343.75,,,
1937,11349.609375,,,
1938,11355.46875,,,
1939,11361.328125,,,
1940,11367.1875,,,
1941,11373.046875,,,
1942,11378.90625,,,
1943,11384.765625,,,
1944,11390.625,,,
1945,11396.484375,,,
1946,11402.34375,,,
1947,11408.203125,,,
1948,11414.0625,,,
1949,11419.921875,,,
1950,11425.78125,,,
1951,11431.640625,,,
1952,11437.5,,,
1953,11443.359375,,,
1954,11449.21875,,,
1955,11455.078125,,,
1956,11460.9375,,,
1957,11466.796875,,,
1958,11472.65625,,,
1959,11478.515625,,,
1960,11484.375,,,
1961,11490.234375,,,
1962,11496.09375,,,
1963,11501.953125,,,
1964,11507.8125,,,
1965,11513.671875,,,
1966,11519.53125,,,
1967,11525.390625,,,
1968,11531.25,,,
1969,11537.109375,,,
1970,11542.96875,,,
1971,11548.828125,,,
1972,11554.6875,,,
1973,11560.546875,,,
1974,11566.40625,,,
1975,11572.265625,,,
1976,11578.125,,,
1977,11583.984375,,,
1978,11589.84375,,,
1979,11595.703125,,,
1980,11601.5625,,,
1981,11607.421875,,,
1982,11613.28125,,,
1983,11619.140625,,,
1984,11625.0,,,
1985,11630.859375,,,
1986,11636.71875,,,
1987,11642.578125,,,
1988,11648.4375,,,
1989,11654.296875,,,
1990,11660.15625,,,
1991,11666.015625,,,
1992,11671.875,,,
1993,11677.734375,,,
1994,11683.59375,,,
1995,11689.453125,,,
1996,11695.3125,,,
1997,11701.171875,,,
1998,11707.03125,,,
1999,11712.890625,,,
2000,11718.75,,,
2001,11724.609375,,,
2002,11730.46875,,,
2003,11736.328125,,,
2004,11742.1875,,,
2005,11748.046875,,,
2006,11753.90625,,,
2007,11759.765625,,,
2008,11765.625,,,
2009,11771.484375,,,
2010,11777.34375,,,
2011,11783.203125,,,
2012,11789.0625,,,
2013,11794.921875,,,
2014,11800.78125,,,
2015,11806.640625,,,
2016,11812.5,,,
2017,11818.359375,,,
2018,11824.21875,,,
2019,11830.078125,,,
2020,11835.9375,,,
2021,11841.796875,,,
2022,11847.65625,,,
2023,11853.515625,,,
2024,11859.375,,,
2025,11865.234375,,,
2026,11871.09375,,,
2027,11876.953125,,,
2028,11882.8125,,,
2029,11888.671875,,,
2030,11894.53125,,,
2031,11900.390625,,,
2032,11906.25,,,
2033,11912.109375,,,
2034,11917.96875,,,
2035,11923.828125,,,
2036,11929.6875,,,
2037,11935.546875,,,
2038,11941.40625,,,
2039,11947.265625,,,
2040,11953.125,,,
2041,11958.984375,,,
2042,11964.84375,,,
2043,11970.703125,,,
2044,11976.5625,,,
2045,11982.421875,,,
2046,11988.28125,,,
2047,11994.140625,,,
2048,12000.0,,,
2049,12005.859375,,,
2050,12011.71875,,,
2051,12017.578125,,,
2052,12023.4375,,,
2053,12029.296875,,,
2054,12035.15625,,,
2055,12041.015625,,,
2056,12046.875,,,
2057,12052.734375,,,
2058,12058.59375,,,
2059,12064.453125,,,
2060,12070.3125,,,
2061,12076.171875,,,
2062,12082.03125,,,
2063,12087.890625,,,
2064,12093.75,,,
2065,12099.609375,,,
2066,12105.46875,,,
2067,12111.328125,,,
2068,12117.1875,,,
2069,12123.046875,,,
2070,12128.90625,,,
2071,12134.765625,,,
2072,12140.625,,,
2073,12146.484375,,,
2074,12152.34375,,,
2075,12158.203125,,,
2076,12164.0625,,,
2077,12169.921875,,,
2078,12175.78125,,,
2079,12181.640625,,,
2080,12187.5,,,
2081,12193.359375,,,
2082,12199.21875,,,
2083,12205.078125,,,
2084,12210.9375,,,
2085,12216.796875,,,
2086,12222.65625,,,
2087,12228.515625,,,
2088,12234.375,,,
2089,12240.234375,,,
2090,12246.09375,,,
2091,12251.953125,,,
2092,12257.8125,,,
2093,12263.671875,,,
2094,12269.53125,,,
2095,12275.390625,,,
2096,12281.25,,,
2097,12287.109375,,,
2098,12292.96875,,,
2099,12298.828125,,,
2100,12304.6875,,,
2101,12310.546875,,,
2102,12316.40625,,,
2103,12322.265625,,,
2104,12328.125,,,
2105,12333.984375,,,
2106,12339.84375,,,
2107,12345.703125,,,
2108,12351.5625,,,
2109,12357.421875,,,
2110,12363.28125,,,
2111,12369.140625,,,
2112,12375.0,,,
2113,12380.859375,,,
2114,12386.71875,,,
2115,12392.578125,,,
2116,12398.4375,,,
2117,12404.296875,,,
2118,12410.15625,,,
2119,12416.015625,,,
2120,12421.875,,,
2121,12427.734375,,,
2122,12433.59375,,,
2123,12439.453125,,,
2124,12445.3125,,,
2125,12451.171875,,,
2126,12457.03125,,,
2127,12462.890625,,,
2128,12468.75,,,
2129,12474.609375,,,
2130,12480.46875,,,
2131,12486.328125,,,
2132,12492.1875,,,
2133,12498.046875,,,
2134,12503.90625,,,
2135,12509.765625,,,
2136,12515.625,,,
2137,12521.484375,,,
2138,12527.34375,,,
2139,12533.203125,,,
2140,12539.0625,,,
2141,12544.921875,,,
2142,12550.78125,,,
2143,12556.640625,,,
2144,12562.5,,,
2145,12568.359375,,,
2146,12574.21875,,,
2147,12580.078125,,,
2148,12585.9375,,,
2149,12591.796875,,,
2150,12597.65625,,,
2151,12603.515625,,,
2152,12609.375,,,
2153,12615.234375,,,
2154,12621.09375,,,
2155,12626.953125,,,
2156,12632.8125,,,
2157,12638.671875,,,
2158,12644.53125,,,
2159,12650.390625,,,
2160,12656.25,,,
2161,12662.109375,,,
2162,12667.96875,,,
2163,12673.828125,,,
2164,12679.6875,,,
2165,12685.546875,,,
2166,12691.40625,,,
2167,12697.265625,,,
2168,12703.125,,,
2169,12708.984375,,,
2170,12714.84375,,,
2171,12720.703125,,,
2172,12726.5625,,,
2173,12732.421875,,,
2174,12738.28125,,,
2175,12744.140625,,,
2176,12750.0,,,
2177,12755.859375,,,
2178,12761.71875,,,
2179,12767.578125,,,
2180,12773.4375,,,
2181,12779.296875,,,
2182,12785.15625,,,
2183,12791.015625,,,
2184,12796.875,,,
2185,12802.734375,,,
2186,12808.59375,,,
2187,12814.453125,,,
2188,12820.3125,,,
2189,12826.171875,,,
2190,12832.03125,,,
2191,12837.890625,,,
2192,12843.75,,,
2193,12849.609375,,,
2194,12855.46875,,,
2195,12861.328125,,,
2196,12867.1875,,,
2197,12873.046875,,,
2198,12878.90625,,,
2199,12884.765625,,,
2200,12890.625,,,
2201,12896.484375,,,
2202,12902.34375,,,
2203,12908.203125,,,
2204,12914.0625,,,
2205,12919.921875,,,
2206,12925.78125,,,
2207,12931.640625,,,
2208,12937.5,,,
2209,12943.359375,,,
2210,12949.21875,,,
2211,12955.078125,,,
2212,12960.9375,,,
2213,12966.796875,,,
2214,12972.65625,,,
2215,12978.515625,,,
2216,12984.375,,,
2217,12990.234375,,,
2218,12996.09375,,,
2219,13001.953125,,,
2220,13007.8125,,,
2221,13013.671875,,,
2222,13019.53125,,,
2223,13025.390625,,,
2224,13031.25,,,
2225,13037.109375,,,
2226,13042.96875,,,
2227,13048.828125,,,
2228,13054.6875,,,
2229,13060.546875,,,
2230,13066.40625,,,
2231,13072.265625,,,
2232,13078.125,,,
2233,13083.984375,,,
2234,13089.84375,,,
2235,13095.703125,,,
2236,13101.5625,,,
2237,13107.421875,,,
2238,13113.28125,,,
2239,13119.140625,,,
2240,13125.0,,,
2241,13130.859375,,,
2242,13136.71875,,,
2243,13142.578125,,,
2244,13148.4375,,,
2245,13154.296875,,,
2246,13160.15625,,,
2247,13166.015625,,,
2248,13171.875,,,
2249,13177.734375,,,
2250,13183.59375,,,
2251,13189.453125,,,
2252,13195.3125,,,
2253,13201.171875,,,
2254,13207.03125,,,
2255,13212.890625,,,
2256,13218.75,,,
2257,13224.609375,,,
2258,13230.46875,,,
2259,13236.328125,,,
2260,13242.1875,,,
2261,13248.046875,,,
2262,13253.90625,,,
2263,13259.765625,,,
2264,13265.625,,,
2265,13271.484375,,,
2266,13277.34375,,,
2267,13283.203125,,,
2268,13289.0625,,,
2269,13294.921875,,,
2270,13300.78125,,,
2271,13306.640625,,,
2272,13312.5,,,
2273,13318.359375,,,
2274,13324.21875,,,
2275,13330.078125,,,
2276,13335.9375,,,
2277,13341.796875,,,
2278,13347.65625,,,
2279,13353.515625,,,
2280,13359.375,,,
2281,13365.234375,,,
2282,13371.09375,,,
2283,13376.953125,,,
2284,13382.8125,,,
2285,13388.671875,,,
2286,13394.53125,,,
2287,13400.390625,,,
2288,13406.25,,,
2289,13412.109375,,,
2290,13417.96875,,,
2291,13423.828125,,,
2292,13429.6875,,,
2293,13435.546875,,,
2294,13441.40625,,,
2295,13447.265625,,,
2296,13453.125,,,
2297,13458.984375,,,
2298,13464.84375,,,
2299,13470.703125,,,
2300,13476.5625,,,
2301,13482.421875,,,
2302,13488.28125,,,
2303,13494.140625,,,
2304,13500.0,,,
2305,13505.859375,,,
2306,13511.71875,,,
2307,13517.578125,,,
2308,13523.4375,,,
2309,13529.296875,,,
2310,13535.15625,,,
2311,13541.015625,,,
2312,13546.875,,,
2313,13552.734375,,,
2314,13558.59375,,,
2315,13564.453125,,,
2316,13570.3125,,,
2317,13576.171875,,,
2318,13582.03125,,,
2319,13587.890625,,,
2320,13593.75,,,
2321,13599.609375,,,
2322,13605.46875,,,
2323,13611.328125,,,
2324,13617.1875,,,
2325,13623.046875,,,
2326,13628.90625,,,
2327,13634.765625,,,
2328,13640.625,,,
2329,13646.484375,,,
2330,13652.34375,,,
2331,13658.203125,,,
2332,13664.0625,,,
2333,13669.921875,,,
2334,13675.78125,,,
2335,13681.640625,,,
2336,13687.5,,,
2337,13693.359375,,,
2338,13699.21875,,,
2339,13705.078125,,,
2340,13710.9375,,,
2341,13716.796875,,,
2342,13722.65625,,,
2343,13728.515625,,,
2344,13734.375,,,
2345,13740.234375,,,
2346,13746.09375,,,
2347,13751.953125,,,
2348,13757.8125,,,
2349,13763.671875,,,
2350,13769.53125,,,
2351,13775.390625,,,
2352,13781.25,,,
2353,13787.109375,,,
2354,13792.96875,,,
2355,13798.828125,,,
2356,13804.6875,,,
2357,13810.546875,,,
2358,13816.40625,,,
2359,13822.265625,,,
2360,13828.125,,,
2361,13833.984375,,,
2362,13839.84375,,,
2363,13845.703125,,,
2364,13851.5625,,,
2365,13857.421875,,,
2366,13863.28125,,,
2367,13869.140625,,,
2368,13875.0,,,
2369,13880.859375,,,
2370,13886.71875,,,
2371,13892.578125,,,
2372,13898.4375,,,
2373,13904.296875,,,
2374,13910.15625,,,
2375,13916.015625,,,
2376,13921.875,,,
2377,13927.734375,,,
2378,13933.59375,,,
2379,13939.453125,,,
2380,13945.3125,,,
2381,13951.171875,,,
2382,13957.03125,,,
2383,13962.890625,,,
2384,13968.75,,,
2385,13974.609375,,,
2386,13980.46875,,,
2387,13986.328125,,,
2388,13992.1875,,,
2389,13998.046875,,,
2390,14003.90625,,,
2391,14009.765625,,,
