bin,frequency_hz,real,imag,abs,phase
8,375.000000,0.226244118718,0.0756163888282,0.238546095155,0.322552633861
9,421.875000,0.122531073256,-0.215742791353,0.248110491383,-1.05427660756
10,468.750000,-0.149449701606,-0.244937757447,0.286931556879,-2.11864841826
11,515.625000,-0.132957615331,-0.0832022973745,0.156844986413,-2.582432199
12,562.500000,-0.190839223311,-0.102131037439,0.216449435117,-2.65020807458
13,609.375000,-0.17817972208,-0.0228126647402,0.179634158871,-3.01425365649
14,656.250000,-0.203092279417,-0.0332553528008,0.205796968997,-2.97928798267
15,703.125000,-0.215599111573,0.0588494047404,0.223486530577,2.87512628429
16,750.000000,-0.138379619038,0.0917387744816,0.166026870441,2.55616751233
17,796.875000,-0.0914275453615,0.06688659554,0.113282005251,2.50998471833
18,843.750000,-0.0700213888716,0.0552479261195,0.0891926467822,2.47358586625
19,890.625000,-0.0139652670854,0.0331108174863,0.0359354270794,1.96993097243
20,937.500000,-0.053384430022,0.00270172306809,0.0534527518124,3.09102697355
21,984.375000,-0.016032570939,0.0383500466481,0.0415664457084,1.96677297777
22,1031.250000,-0.0325003906084,0.0326886467342,0.0460958025747,2.35330664877
23,1078.125000,-0.0433602738885,0.0349291067237,0.0556790431689,2.46347338497
24,1125.000000,-0.0729640742807,0.0577343600104,0.0930430677775,2.47219694844
25,1171.875000,-0.0312130502596,0.0651170651965,0.0722114027444,2.0177777078
26,1218.750000,-0.0432941533913,0.0625439552103,0.0760666158786,2.17628145628
27,1265.625000,-0.0290848025197,0.0957695167835,0.100088591171,1.86564032903
28,1312.500000,-0.00657107196664,0.0875261247211,0.0877724415491,1.64573130165
29,1359.375000,0.0133924211493,0.0622511899838,0.0636754866384,1.35889096011
30,1406.250000,0.00725198826368,0.0454841609476,0.0460586607586,1.41268727042
31,1453.125000,0.00764072439845,0.0356818366535,0.0364907404186,1.35984724814
32,1500.000000,-0.00357121125756,0.0140221230398,0.0144697437568,1.82017863723
33,1546.875000,-0.0231885520911,-0.00384169554475,0.0235046287514,-2.97741184264
34,1593.750000,-0.03569538448,-0.0203952649477,0.0411111579192,-2.62249083966
35,1640.625000,-0.0444916805621,-0.0207562218407,0.0490951156873,-2.70508662102
36,1687.500000,-0.0738288610235,-0.0236891126705,0.0775362804057,-2.83110506811
37,1734.375000,-0.0679401677066,-0.0206491435961,0.0710088270517,-2.84653307433
38,1781.250000,-0.0554058711357,-0.0289625825017,0.0625191310038,-2.65992298571
39,1828.125000,-0.0199978811991,-0.0343685612757,0.0397632148677,-2.09777492866
40,1875.000000,-0.0392178256033,-0.0378118249838,0.0544772608862,-2.37444518324
41,1921.875000,-0.0379557743834,-0.0357618552259,0.0521493154149,-2.38594682728
42,1968.750000,-0.0334427904207,-0.0290933228698,0.0443265345671,-2.42563395904
43,2015.625000,-0.0181135369283,-0.0232462155386,0.0294700993707,-2.23272733495
44,2062.500000,-0.0203183029963,-0.00979749434348,0.0225571348371,-2.69228583224
45,2109.375000,-0.0155492968778,-0.00701909788806,0.0170601397578,-2.71756733496
46,2156.250000,-0.00210438657566,-0.00130262158104,0.00247492744201,-2.58731742313
47,2203.125000,0.00519335002649,-0.00811651004361,0.00963579886598,-1.00158946213
48,2250.000000,0.00288475593105,-0.00276571494627,0.00399637284869,-0.764333834344
49,2296.875000,0.00827943634546,0.000123851100485,0.00828036263056,0.0149577650679
50,2343.750000,0.0114836692995,-0.00203392705568,0.0116623976887,-0.175296823654
51,2390.625000,0.00960948486777,0.0002721436939,0.00961333769375,0.0283127530638
52,2437.500000,0.0125348600475,0.00636427670968,0.0140579776088,0.469809438234
53,2484.375000,0.0140679053636,-0.00477367652122,0.0148557715669,-0.327138715306
54,2531.250000,0.0111132113449,-0.0102838865752,0.0151413932479,-0.746658804214
55,2578.125000,0.00119761993689,0.00499089320833,0.00513257328542,1.33528818223
56,2625.000000,-0.00195528229727,0.00915554927272,0.00936200893757,1.78119812618
57,2671.875000,-0.00830355095867,0.0119111942527,0.014519831509,2.17958787488
58,2718.750000,-0.00845437172626,0.0192294485623,0.0210059061527,1.98501623749
59,2765.625000,-0.00775912446339,0.0310652937874,0.0320196266458,1.81555687245
60,2812.500000,0.000830176337486,0.0312101609025,0.0312212001101,1.54420304425
61,2859.375000,0.00397609173709,0.0221744494589,0.022528104987,1.39337219877
62,2906.250000,0.00593959593754,0.00479140552273,0.00763127556733,0.678806192471
63,2953.125000,-0.0117570277266,-0.00900880050876,0.0148116909086,-2.48777358153
64,3000.000000,-0.0211390795152,-0.006397718201,0.0220860019227,-2.8477074925
65,3046.875000,-0.0184220064205,-0.00333570031603,0.0187215709051,-2.9624620377
66,3093.750000,-0.0195061132065,-0.00836046625385,0.0212222960211,-2.73667040059
67,3140.625000,-0.009001048085,-0.0159501493885,0.0183146425612,-2.08457010656
68,3187.500000,-0.0157094841725,-0.00964367354953,0.0184333483799,-2.59103272091
69,3234.375000,-0.00594257359271,-0.0167974096272,0.0178176078947,-1.91083391252
70,3281.250000,-0.00443004781984,-0.0152371892523,0.0158681208716,-1.85373544597
71,3328.125000,0.00505265741709,-0.0213433632621,0.0219332738622,-1.33834362929
72,3375.000000,0.00509507659235,-0.0278489109483,0.0283111576324,-1.3898433341
73,3421.875000,-0.0068551593385,-0.0431146423988,0.0436562206189,-1.72847484169
74,3468.750000,-0.0170131780779,-0.0389908516075,0.042540977156,-1.98223077296
75,3515.625000,-0.0254512902339,-0.0337193074436,0.0422464184168,-2.21736155151
76,3562.500000,-0.0115895757759,-0.00820648269506,0.0142008670471,-2.52545662101
77,3609.375000,-0.011386697597,-0.0143727847718,0.0183366797503,-2.2407877288
78,3656.250000,-0.0073903445454,-0.0118796072402,0.0139907919962,-2.12731001142
79,3703.125000,-0.00204471975888,-0.0121863026218,0.0123566520742,-1.73703618479
80,3750.000000,-0.0154091241152,-0.0175794326608,0.0233768594699,-2.29049942431
81,3796.875000,-0.0204697369381,-0.00398032954973,0.0208531329454,-2.94953979148
82,3843.750000,-0.0188741906241,-0.00279000558521,0.0190792872739,-2.99483423575
83,3890.625000,-0.0236353687651,0.00920418141876,0.0253642979846,2.77023657602
84,3937.500000,0.00422112303422,0.000228846820038,0.00422732191075,0.0541616535522
85,3984.375000,-0.00852666738468,-0.00488990002715,0.00982930205887,-2.62089907786
86,4031.250000,-0.0246594437773,-0.0201710753885,0.0318584439315,-2.45598055761
87,4078.125000,-0.0148107369284,-0.0198443203688,0.0247619663852,-2.21195502341
88,4125.000000,-0.0363306873719,-0.0267240001263,0.0451008983022,-2.50738666694
89,4171.875000,-0.0275730041098,-0.0139318659237,0.0308928380657,-2.67373637395
90,4218.750000,-0.0484527635906,-0.0326636974746,0.0584344712672,-2.54843756124
91,4265.625000,-0.047330910787,-0.0122918100218,0.0489009581658,-2.88750616418
92,4312.500000,-0.0378489016898,-0.0252582908428,0.0455029736987,-2.55312029752
93,4359.375000,-0.0584775526462,-0.0367339352576,0.0690579913044,-2.58071591873
94,4406.250000,-0.0611069375843,-0.0380093285215,0.0719636496822,-2.58514395378
95,4453.125000,-0.0464182759341,-0.0256884100992,0.053052339761,-2.63613398307
96,4500.000000,-0.062219706229,-0.0416915950551,0.0748964681508,-2.55123719083
97,4546.875000,-0.0546654594485,-0.0134818094107,0.0563033892559,-2.89979400131
98,4593.750000,-0.0384086149428,-0.036571928301,0.05303515477,-2.38068510254
99,4640.625000,-0.0219114102729,-0.0127170335599,0.0253344201179,-2.6157215135
100,4687.500000,-0.0154497160763,-0.0293966645029,0.0332093000639,-2.05468236308
101,4734.375000,-0.0285676958315,-0.0302512149688,0.0416082834567,-2.32758022967
102,4781.250000,-0.0195310865385,-0.0189947389832,0.027244512299,-2.37011535759
103,4828.125000,-0.0217601427076,-0.0270521610403,0.0347177653026,-2.24820062625
104,4875.000000,-0.0268357518995,-0.0197158296277,0.0332997224901,-2.50796528413
105,4921.875000,-0.0263905714128,-0.00891190353181,0.0278546994967,-2.81592380627
106,4968.750000,-0.0214005801513,-0.00565625083248,0.0221354467832,-2.88319771959
107,5015.625000,-0.0247214477146,0.000700351067033,0.0247313660909,3.11327053408
108,5062.500000,-0.0109128403628,0.0187422947226,0.0216878697952,2.098067653
109,5109.375000,-0.00759368741888,0.0220885374829,0.023357388055,1.90192287693
110,5156.250000,-0.00567523952526,0.0242950389837,0.0249490934281,1.80027795874
111,5203.125000,0.00439770087578,0.021000921746,0.021456432303,1.36437393915
112,5250.000000,-0.00804293743918,0.0297062422777,0.0307757968688,1.83520620177
113,5296.875000,-0.0058098658386,0.0333405028186,0.0338429264287,1.74332243143
114,5343.750000,-0.00188721925031,0.0337940320818,0.0338466867041,1.62658313136
115,5390.625000,-0.000122814163388,0.0197738254058,0.0197742067982,1.57700719301
116,5437.500000,-0.0173482138709,0.020318404379,0.0267169998506,2.27750260778
117,5484.375000,-0.0283946639216,-0.00932411765711,0.0298863866887,-2.82431058494
118,5531.250000,-0.0490000979872,0.0253344580431,0.0551619829874,2.66441505758
119,5578.125000,-0.0231787179079,0.0233808104272,0.0329228683454,2.35185399841
120,5625.000000,-0.036438529182,0.0209907432901,0.042052083335,2.61896285885
121,5671.875000,-0.0302101361226,0.0144960371233,0.0335080201866,2.6942025801
122,5718.750000,-0.0496946422303,0.00296298613173,0.0497828961915,3.08203930283
123,5765.625000,-0.0503308382135,0.00826348743999,0.0510046909601,2.97886110977
124,5812.500000,-0.0508552401703,0.011557098206,0.0521519124455,2.91813308484
125,5859.375000,-0.0299757694799,0.013477398784,0.0328661989572,2.71906329147
126,5906.250000,-0.00692869581844,0.0163119485903,0.0177224855073,1.97246536422
127,5953.125000,0.00566006264491,0.00195429677199,0.00598795332458,0.332462222376
128,6000.000000,-0.00132612356402,-0.0419659184237,0.0419868659565,-1.60238582783
129,6046.875000,-0.0190478975484,-0.0655241544521,0.0682366266581,-1.85369968845
130,6093.750000,-0.0111508814951,-0.0798982611541,0.080672636585,-1.70946414002
131,6140.625000,-0.0558648058561,-0.0785977722064,0.0964286592728,-2.18871284491
132,6187.500000,-0.0670497630167,-0.0491661747489,0.0831443531458,-2.5088792336
133,6234.375000,-0.0894669863852,-0.0293039210685,0.0941438338015,-2.82506609495
134,6281.250000,-0.0616002672004,0.0129605272696,0.0629489331622,2.93422001155
135,6328.125000,-0.0528065985915,-0.00420976257433,0.0529741347804,-3.06204050705
136,6375.000000,-0.0593121737414,-0.011849604983,0.0604842714446,-2.94440509195
137,6421.875000,-0.0505998666761,0.0213435333993,0.0549171460075,2.74242700356
138,6468.750000,-0.0329622594731,0.00597136755896,0.0334987728148,2.96237856134
139,6515.625000,-0.0291468591435,0.00623940752363,0.0298072072522,2.93070756184
140,6562.500000,0.0103506679164,-0.0113164822462,0.0153362021617,-0.829943727253
141,6609.375000,-0.0187681936201,-0.0208835571459,0.0280778925639,-2.30289646218
142,6656.250000,-0.0184690915855,-0.0223618269401,0.0290027351829,-2.26114384493
143,6703.125000,-0.0358970483948,-0.0156833233707,0.0391735205899,-2.72968820025
144,6750.000000,-0.0180025412141,-0.00784932969533,0.019639334684,-2.73043157258
145,6796.875000,-0.0217311132994,-0.0116602990691,0.0246617894649,-2.64911754631
146,6843.750000,-0.0294981393145,-0.00600672178652,0.0301035036107,-2.9407086478
147,6890.625000,-0.0376399083826,-0.00188816724975,0.0376872376092,-3.09147069772
148,6937.500000,-0.0161770746151,0.00437665016578,0.0167586637229,2.87737156537
149,6984.375000,-0.014589419372,0.00516164816335,0.0154755862368,2.80154193852
150,7031.250000,-0.0112803155055,0.00752525518258,0.0135600510126,2.55328049624
151,7078.125000,-0.00198461972026,0.0143365873634,0.014473301374,1.70835252389
152,7125.000000,-0.00116801542857,0.00495614990301,0.00509192320273,1.80224304796
153,7171.875000,0.00132643009287,0.000155732097121,0.0013355408183,0.116871896323
154,7218.750000,0.00268536503155,0.00107710331178,0.00289332626866,0.38145538303
155,7265.625000,-0.000660427772389,0.000488992930854,0.000821753569489,2.50425196923
156,7312.500000,0.00209046646072,0.00204926723463,0.00292737872888,0.775446347894
157,7359.375000,0.0027796305593,0.00153433390354,0.00317498449976,0.504371310805
158,7406.250000,0.000330382779321,0.00167667808389,0.00170891842341,1.37624271842
159,7453.125000,0.00211944949899,0.000289273307782,0.00213909916212,0.135646972637
160,7500.000000,0.0017683244769,0.00088595672099,0.00197785003655,0.464459113475
161,7546.875000,-0.00104127294559,-0.000721499019909,0.0012668110289,-2.53564705478
162,7593.750000,0.000543995226841,-0.000340170216367,0.000641596900654,-0.558828233159
163,7640.625000,0.00177394448496,-0.000877831691106,0.00197925933461,-0.459516982561
164,7687.500000,-0.000661702913318,0.000710372827462,0.000970814245615,2.32073761619
165,7734.375000,-0.00150952347983,-0.000836593810502,0.00172584771632,-2.63552253723
166,7781.250000,-0.00015376515299,-0.000275941631131,0.00031589160493,-2.07917952768
167,7828.125000,0.000101229348751,-0.000888013865567,0.000893765073433,-1.45729106382
168,7875.000000,0.000766369100733,-0.000466687775555,0.000897284279596,-0.546981365918
169,7921.875000,0.000140473265394,0.000181441452775,0.000229464025667,0.911981802433
170,7968.750000,0.000290453110126,3.31474232417e-06,0.000290472023951,0.0114118193775
171,8015.625000,-0.000688581867422,0.000480507689147,0.000839662210339,2.53232981973
172,8062.500000,0.000394343964997,-0.000220309737828,0.00045171179231,-0.509478345481
173,8109.375000,-0.000166606119662,0.000471526287934,0.000500094630367,1.91043792659
174,8156.250000,-7.86621678338e-06,-0.000282143361017,0.000282252995613,-1.59866931857
175,8203.125000,-0.000210547565791,0.000782333112954,0.000810169968022,1.83369501774
176,8250.000000,-1.87923570437e-05,-0.000272762234716,0.000273408831917,-1.63958410239
177,8296.875000,0.000164631708533,-0.000118642882195,0.000202927900866,-0.624455166809
178,8343.750000,-4.63504919743e-05,0.000987157068924,0.000988244629044,1.61771537999
179,8390.625000,-0.000909009833854,-8.12464289226e-05,0.00091263347531,-3.05245048125
180,8437.500000,-0.0017912494552,-0.000287494273219,0.0018141740732,-2.98245059808
181,8484.375000,0.000169564441576,-0.000426513727418,0.000458983724682,-1.19239588668
182,8531.250000,-0.00113309750598,-0.000628659290021,0.00129580957744,-2.63506036015
183,8578.125000,-0.00045727397562,-0.000181946653554,0.000492142330549,-2.76290295574
184,8625.000000,0.000414916656365,5.36257556148e-05,0.000418367725086,0.128532129988
185,8671.875000,2.36461431819e-06,0.000101764534459,0.000101792002999,1.54756437371
186,8718.750000,4.39116506352e-05,0.000120972335958,0.000128695528783,1.22259703042
187,8765.625000,-0.000186014275149,6.29158885016e-07,0.000186015339153,3.13821035142
188,8812.500000,-0.000425520929219,-0.000142898369835,0.000448874153081,-2.81760591613
189,8859.375000,-0.000162709573675,-0.000591134072907,0.000613118175817,-1.83939482022
190,8906.250000,0.000213762155115,0.0010001248651,0.0010227140386,1.36022914291
191,8953.125000,-6.87308647232e-05,-0.000175933320085,0.000188882145482,-1.94322885731
192,9000.000000,-0.000105251147411,-0.000233860896424,0.000256454134121,-1.99369912509
193,9046.875000,0.000853375289537,0.000202445581546,0.000877059632112,0.232923493424
194,9093.750000,-0.000204018917859,3.41717086745e-05,0.000206860882039,2.97564023633
195,9140.625000,0.000405997109753,-0.000581399555193,0.000709125585426,-0.961205507117
196,9187.500000,0.000281735991195,-6.5338266543e-05,0.000289213170187,-0.227884606782
197,9234.375000,-0.00108592123482,0.000686757273749,0.00128485815609,2.57767607254
198,9281.250000,-0.000126491979955,0.000225190265891,0.0002582844882,2.08258666655
199,9328.125000,-1.82602083109e-05,6.79272939789e-05,7.03388404429e-05,1.83340791796
200,9375.000000,-0.000259008552794,0.000120157769073,0.000285522888556,2.70722803901
201,9421.875000,-0.000309999381369,-0.000255476085828,0.000401705920891,-2.45231761082
202,9468.750000,5.00305402127e-06,-0.000128811420049,0.000128908543102,-1.53197569663
203,9515.625000,0.000342216589735,0.000468173844121,0.000579912875015,0.939592262468
204,9562.500000,5.46226003527e-06,0.000109767104929,0.000109902928119,1.52107507356
205,9609.375000,-0.0001113516128,-6.59296704757e-05,0.000129405962468,-2.60701299562
206,9656.250000,-0.000126367845298,0.000553098354062,0.000567350527973,1.79541361672
207,9703.125000,-0.000236138452151,-7.85038283472e-05,0.000248845774828,-2.82063883536
208,9750.000000,1.874164256e-05,0.000385286985693,0.000385742544335,1.52219130713
209,9796.875000,8.81367279052e-05,-5.17269785897e-05,0.00010219473137,-0.530727516266
210,9843.750000,-0.000370729553334,0.000316171897521,0.000487242311891,2.43545384148
211,9890.625000,0.000321229943454,-0.000308244226344,0.000445200156835,-0.764771621322
212,9937.500000,-0.000252556684484,-7.93076457657e-05,0.000264716039473,-2.83732435271
213,9984.375000,-4.41151869426e-06,0.000516780390209,0.000516799219428,1.57933266374
214,10031.250000,0.00020893730727,0.000371928016589,0.000426597290068,1.05896299911
215,10078.125000,-0.000213424108923,0.000286862966729,0.000357547496076,2.21044201406
216,10125.000000,-0.000311451726465,0.000682200176651,0.000749932836286,1.99907566116
217,10171.875000,-0.000580860562313,0.000578725853914,0.00081995280769,2.35803541033
218,10218.750000,-2.16506299205e-05,0.000227211428081,0.000228240624838,1.66579795735
219,10265.625000,6.90364957046e-05,-0.000543425912021,0.00054779353738,-1.44443382528
220,10312.500000,-0.000128799501568,7.79085871817e-05,0.000150529264799,2.59759068278
221,10359.375000,-0.000168164915062,0.00033040341314,0.000370736906812,2.04159293223
222,10406.250000,0.000383580970813,0.000230812370372,0.000447670315619,0.541690957297
223,10453.125000,-7.65538926732e-05,-0.000455488185707,0.000461876591528,-1.73731008381
224,10500.000000,-0.000238500798448,0.000100462577123,0.000258795981929,2.74292352637
225,10546.875000,0.000411589594649,0.000129828710757,0.000431580222624,0.305554181705
226,10593.750000,-9.45515622128e-05,-0.00060741866903,0.00061473363126,-1.72521831915
227,10640.625000,-0.000345407929973,-0.000210020815179,0.000404246683223,-2.59528451338
228,10687.500000,9.40572083389e-05,-1.58555562636e-05,9.53842602579e-05,-0.167003434779
229,10734.375000,0.000137460870892,-0.000196151680516,0.000239522384749,-0.95954126487
230,10781.250000,-6.61811942028e-06,-7.69735663775e-05,7.72575525469e-05,-1.65656451626
231,10828.125000,0.000117240347209,2.36407952462e-06,0.000117264179892,0.0201616529253
232,10875.000000,0.000322312740933,-0.000952487193789,0.00100554331448,-1.24450113242
233,10921.875000,0.00038733330458,-0.000199621338204,0.000435747366605,-0.475870667651
234,10968.750000,0.000154493869143,0.000237863857319,0.000283632808789,0.99476885486
235,11015.625000,7.36523710581e-05,-0.000489141094948,0.000494655114731,-1.42134417807
236,11062.500000,-0.000621870688769,0.000180207375992,0.000647454903381,2.85953567304
237,11109.375000,-4.77362627907e-05,1.50483958295e-05,5.00520229588e-05,2.83621319685
238,11156.250000,0.000445832836721,3.09081151942e-05,0.000446902931164,0.0692159441786
239,11203.125000,0.000174912761508,0.000251875101122,0.000306652149354,0.963810010467
240,11250.000000,0.000296409020097,-3.04991578684e-05,0.000297974001929,-0.102534666512
241,11296.875000,-1.7253880964e-05,-1.49575981947e-05,2.28347575435e-05,-2.42736181287
242,11343.750000,0.000190978850689,-0.000285203565845,0.000343240433779,-0.980749862998
243,11390.625000,-0.000488843180497,-7.05426113638e-05,0.000493906787902,-2.99827679471
244,11437.500000,-0.000121400605671,-8.94184211716e-05,0.000150777190258,-2.50675096324
245,11484.375000,-0.000127828613029,-0.000321315954096,0.000345809335712,-1.94942923723
246,11531.250000,6.83176315304e-05,-1.67404152495e-05,7.0338753761e-05,-0.240303113146
247,11578.125000,0.000580646164043,-0.000200001346504,0.000614125806673,-0.331718543075
248,11625.000000,-4.89180629256e-05,-0.000159941044342,0.000167254639832,-1.86761195542
249,11671.875000,-0.000103110818805,-0.00070007294639,0.00070762558689,-1.71703076971
250,11718.750000,0.000140111225736,-0.000405625036627,0.000429141964757,-1.23820700107
251,11765.625000,0.000507673496228,-4.88090000993e-05,0.000510014408878,-0.0958479068132
252,11812.500000,-0.000253740935133,0.000259668667316,0.000363059607982,2.3446491884
253,11859.375000,0.000385595150614,0.000427984278985,0.000576067846035,0.837453110205
254,11906.250000,0.00031667667049,0.000260963668808,0.00041034881512,0.689246285356
255,11953.125000,8.93971914962e-05,-0.000266609070984,0.000281197892201,-1.24726612957
256,12000.000000,-0.000255920788687,0.000359707916964,0.000441458079107,2.1891777562
257,12046.875000,0.000343181754762,0.000514432617267,0.000618396826083,0.982488730865
258,12093.750000,-0.000264242441573,-9.07681937488e-05,0.000279397446167,-2.81071707735
259,12140.625000,-0.00019968860763,0.000453056320004,0.000495111673376,1.98593883553
260,12187.500000,5.70575337469e-05,-0.000173157550042,0.000182315932638,-1.2524886814
261,12234.375000,-4.4105499069e-06,-0.000311598374709,0.000311629587927,-1.58494998017
262,12281.250000,0.000279407349346,0.000212423019186,0.000350987187727,0.650037022792
263,12328.125000,-4.73134050663e-05,4.83832915831e-05,6.76720119649e-05,2.34501498262
264,12375.000000,0.00060622212742,-8.87974147196e-05,0.000612690989516,-0.145442405992
265,12421.875000,5.40491161059e-06,9.94928057329e-05,9.96395075366e-05,1.51652502514
266,12468.750000,-0.000157370150112,-0.00034328200446,0.000377634610083,-2.00063699769
267,12515.625000,-8.62233225967e-05,0.000303247025717,0.000315266902744,1.84781905022
268,12562.500000,0.000207083380628,-0.000248883910656,0.000323769559279,-0.876817038886
269,12609.375000,-4.30207601653e-05,0.000169893456262,0.00017525573396,1.8188051506
270,12656.250000,-0.000230076990507,-0.000250369711786,0.00034003001947,-2.31398238465
271,12703.125000,0.00012126731311,0.000241240608876,0.000270005171431,1.10500541591
272,12750.000000,-0.000144461859428,-0.000255667710468,0.000293658316765,-2.08511133927
273,12796.875000,-8.71548559836e-06,8.55714063316e-05,8.60140992557e-05,1.6722967629
274,12843.750000,7.32871225421e-05,0.000187994531315,0.000201774493271,1.1990822105
275,12890.625000,1.57770167568e-05,-3.03394707813e-05,3.41964580773e-05,-1.09126427129
276,12937.500000,-0.000182712857571,4.45283740733e-05,0.000188060533923,2.90254567363
277,12984.375000,-0.000101279372764,0.000629838377411,0.000637929379325,1.73023363014
278,13031.250000,0.000365681471446,0.000299490482575,0.000472670591122,0.686215088236
279,13078.125000,-0.000519174952604,-0.000197632577234,0.000555518916865,-2.77786326173
280,13125.000000,-0.000512477958515,0.000198729017322,0.000549660695602,2.771664409
281,13171.875000,-0.000137049059718,-0.000138265023875,0.000194678354207,-2.35177787541
282,13218.750000,5.21277717287e-05,-0.000302085936868,0.000306550514335,-1.39991970336
283,13265.625000,-6.15025359014e-05,0.000166583427684,0.000177574210688,1.92447204836
284,13312.500000,0.000335696983346,0.000238653361796,0.000411883347229,0.61801661957
285,13359.375000,0.000158427072284,0.000157691965347,0.000223530519543,0.7830727558
286,13406.250000,-8.07586368801e-05,0.00060890235886,0.00061423451552,1.70265661357
287,13453.125000,-1.37564878479e-05,0.000189962412014,0.000190459861746,1.64308702787
288,13500.000000,-0.000344032975377,4.28711152315e-05,0.000346693842847,3.01761833958
289,13546.875000,-0.000134217605709,-0.000185078450336,0.00022862283014,-2.19823104513
290,13593.750000,4.70790217698e-05,0.000135326779109,0.000143282139274,1.23600123233
291,13640.625000,-3.00885501367e-05,-3.16972086251e-05,4.37039344219e-05,-2.33016429849
292,13687.500000,-0.000110580433516,-2.21116038279e-05,0.000112769478585,-2.94423607433
293,13734.375000,-2.3040207025e-05,0.000281609213605,0.000282550173114,1.65243074008
294,13781.250000,-0.00014392352726,-0.000188491621643,0.000237156220936,-2.22291569622
295,13828.125000,-4.66410309974e-05,-0.00033872484498,0.000341920906613,-1.70763177415
296,13875.000000,0.000184190237994,0.000154668409945,0.000240516861794,0.698496220598
297,13921.875000,-0.000199407800407,-0.00022428935263,0.000300115285459,-2.29753700609
298,13968.750000,0.000121395926877,-0.000231925493904,0.000261775487365,-1.0885837136
299,14015.625000,6.32071483207e-05,0.000263516096439,0.000270990547217,1.33538308879
300,14062.500000,-8.20284892946e-05,8.80240602666e-05,0.000120320024276,2.3209519223
301,14109.375000,1.85410575844e-06,-0.00015710615013,0.000157117090467,-1.55899526308
302,14156.250000,8.71733411084e-05,-0.00033794610274,0.000349008251704,-1.31834902058
303,14203.125000,0.000307606170074,-0.000536698285411,0.000618600521686,-1.05035692181
304,14250.000000,-0.000153978519397,5.42469330982e-06,0.000154074046267,3.10637702296
305,14296.875000,0.000349382390249,-5.59604530074e-05,0.000353835593061,-0.15882066716
306,14343.750000,0.000239616209006,-1.59653115545e-05,0.000240147493827,-0.0665303444391
307,14390.625000,0.000147774302296,0.000252407192444,0.000292483564011,1.04113664842
308,14437.500000,0.000106490633931,0.000123236774245,0.00016287282659,0.85816515656
309,14484.375000,-0.000283997063867,7.87382687347e-05,0.000294710107136,2.87113557059
310,14531.250000,-1.1103349113e-05,-2.67120419325e-05,2.892779884e-05,-1.96473646748
311,14578.125000,-2.92839198942e-05,-1.74209683666e-06,2.93356926927e-05,-3.08217280557
312,14625.000000,7.6626713272e-05,-0.000108319103789,0.000132682634254,-0.955110218366
313,14671.875000,-0.000134634848295,4.98962796392e-05,0.000143583359403,2.78668113657
314,14718.750000,-1.45239351332e-05,-0.000128396188823,0.000129215037809,-1.68343563914
315,14765.625000,-0.000361693190853,0.000407835331395,0.000545116154451,2.29630462447
316,14812.500000,0.000130475466382,-1.2839812845e-05,0.000131105713535,-0.0980920397715
317,14859.375000,1.79533644146e-05,0.000104186394526,0.000105721937639,1.40015252929
318,14906.250000,-0.000167466057655,-0.000239272321891,0.000292055002508,-2.18145337739
319,14953.125000,-0.00034057394361,0.000218050633713,0.000404396698711,2.57210594608
320,15000.000000,0.000371682312581,-0.000339450085433,0.000503362793605,-0.740103950892
321,15046.875000,8.16452795117e-05,-0.000230377123591,0.000244416797174,-1.23020851472
322,15093.750000,-0.000180397756284,-0.000220283932028,0.000284725062441,-2.25697556942
323,15140.625000,2.10006621179e-05,0.000386057912882,0.000386628684797,1.51645218904
324,15187.500000,-4.59473542573e-05,0.0001562458509,0.000162861675316,1.85680472079
325,15234.375000,4.91532556283e-05,2.13548665822e-07,4.91537195123e-05,0.00434452040915
326,15281.250000,-3.23996795789e-05,0.0001203399051,0.000124625165983,1.83379473389
327,15328.125000,-0.000154620239999,0.000182553217816,0.00023923439542,2.27353870672
328,15375.000000,-0.000183171836533,-0.000124092908053,0.000221248664466,-2.54614999524
329,15421.875000,0.000461558895145,-2.48731254415e-05,0.000462228608003,-0.0538373105536
330,15468.750000,-2.26622209593e-05,-4.93249944297e-05,5.4281961408e-05,-2.00147855451
331,15515.625000,-1.31079417952e-05,0.000188489843447,0.000188945069321,1.6402264474
332,15562.500000,0.000169180028072,5.99997839652e-05,0.00017950447341,0.340811794086
333,15609.375000,-0.000121824786015,0.00020927206604,0.000242148871797,2.09797690035
334,15656.250000,-0.000385263390127,-0.000352025814676,0.000521871683434,-2.40124477258
335,15703.125000,0.000130244023541,-0.000367355466946,0.00038976088152,-1.23007831112
336,15750.000000,0.000251114943466,-7.18727146504e-05,0.0002611980129,-0.278761974244
337,15796.875000,-6.02035364651e-05,8.03092378864e-05,0.000100369514758,2.2140711362
338,15843.750000,3.48269704245e-05,0.000508527529559,0.000509718712809,1.50241719047
339,15890.625000,0.000158108622526,-0.00015792254301,0.000223467818953,-0.784809362308
340,15937.500000,0.000119498351441,0.00013301059827,0.000178806250588,0.838859125429
341,15984.375000,0.000202965431758,-0.000208373253899,0.000290885509143,-0.798544290417
342,16031.250000,0.000103871894023,-0.000304162675707,0.000321409868643,-1.2417128654
343,16078.125000,-9.65315135275e-05,0.00031096921042,0.00032560740614,1.87178645153
344,16125.000000,-0.000262069148405,0.000124092516676,0.000289964120609,2.69936024459
345,16171.875000,-0.000179943547085,1.27165565983e-06,0.000179948040405,3.13452580117
346,16218.750000,3.29958748843e-05,0.000236498085958,0.000238788761087,1.43217259134
347,16265.625000,3.04954009681e-05,0.000256864942879,0.000258668839176,1.45262790465
348,16312.500000,0.000122868121845,-0.000175613462573,0.000214328401297,-0.960304678153
349,16359.375000,-8.67553839269e-05,-0.000104558943656,0.000135864157668,-2.26340252676
350,16406.250000,-0.00012979472984,0.000267645236005,0.000297456962014,2.0223321306
351,16453.125000,0.00019178127943,0.000114962576303,0.000223598866478,0.540012260557
352,16500.000000,-7.54688328384e-05,8.98063205461e-05,0.000117306095068,2.26966191882
353,16546.875000,-0.000199377450571,0.000222874408985,0.000299039077675,2.30060503674
354,16593.750000,-7.4186964681e-05,-0.000206002743845,0.000218953959088,-1.91646353511
355,16640.625000,-0.000106538873057,-0.000192918019312,0.000220381246134,-2.07536493399
356,16687.500000,2.40781974477e-07,0.000242662693591,0.000242662813049,1.56980407746
357,16734.375000,9.63877029479e-05,9.02275541845e-05,0.000132028787822,0.752400257195
358,16781.250000,-0.000137395668657,0.00034903889275,0.000375107609118,1.94580794721
359,16828.125000,0.000296412273084,7.32362802237e-05,0.000305325708672,0.242224525619
360,16875.000000,0.000221659891514,-0.00028532030179,0.000361304279132,-0.91031222763
361,16921.875000,-8.1762499631e-05,0.000254564776368,0.000267373019793,1.88157422732
362,16968.750000,1.9244581619e-05,-0.00016033801526,0.000161488801653,-1.45134268603
363,17015.625000,0.000133052315685,0.000432951137193,0.000452934438861,1.27264224047
364,17062.500000,0.000206971708068,-1.40334629881e-05,0.00020744692339,-0.0677001540802
365,17109.375000,-0.000442040014497,-8.6959104368e-05,0.000450512219866,-2.94735075793
366,17156.250000,0.00019324804206,-0.000188419384196,0.000269901222859,-0.772747358189
367,17203.125000,-0.000185296933941,-0.000288844439967,0.000343170605134,-2.14118083665
368,17250.000000,7.84213214882e-05,8.57165333739e-05,0.000116177569942,0.829814571102
369,17296.875000,-6.42333838946e-05,2.55559756777e-05,6.91305684874e-05,2.76293136809
370,17343.750000,-4.60863909423e-06,0.000111800277052,0.000111895225561,1.61199507379
371,17390.625000,9.29937571298e-06,5.32364394063e-05,5.40425468433e-05,1.39786053996
372,17437.500000,-0.000243241636313,3.67582488862e-05,0.000246003379037,2.99160924887
373,17484.375000,6.74034119298e-05,8.07864350111e-05,0.000105212489855,0.875463824883
374,17531.250000,-0.000178071348677,-0.000350279174989,0.000392943896314,-2.04111732201
375,17578.125000,-0.000107893314098,-8.62189825452e-05,0.000138111115331,-2.46739261449
376,17625.000000,0.000224591550074,0.000142968863161,0.000266235722994,0.566878051066
377,17671.875000,4.8709438445e-05,0.000275527008932,0.000279799467556,1.39581783381
378,17718.750000,0.00015708058874,0.000245711793177,0.000291630925427,1.00198844177
379,17765.625000,2.8498995262e-05,0.000327698525643,0.000328935428982,1.48404747468
380,17812.500000,0.000254895245711,0.000108138125183,0.000276885247719,0.401231286651
381,17859.375000,0.000253393664595,-0.000218718797895,0.000334733120276,-0.71208360154
382,17906.250000,-2.98349680742e-05,6.17789329841e-05,6.86058443621e-05,2.02069581012
383,17953.125000,9.88842603197e-05,0.000320118326523,0.000335043041884,1.27119535591
384,18000.000000,-0.000146343453112,0.000166395570905,0.000221593980706,2.29216440379
385,18046.875000,1.62838660611e-05,-0.000263138325446,0.000263641693616,-1.50899184779
386,18093.750000,0.000499738609374,9.77860120997e-05,0.000509215849971,0.193232812453
387,18140.625000,-0.000183909318255,0.000138141240322,0.000230012259714,2.49736375177
388,18187.500000,3.69429860536e-05,0.000207212939011,0.000210480370372,1.39436493441
389,18234.375000,-0.000174709512841,5.47817901581e-05,0.00018309685527,2.8377430327
390,18281.250000,-9.23686068882e-05,-0.000158885884709,0.000183784340732,-2.09739110599
391,18328.125000,-5.27950702906e-05,-0.000123516102007,0.000134326270335,-1.97472739394
392,18375.000000,1.22026849394e-05,0.000375191925772,0.000375390312454,1.53828394004
393,18421.875000,0.000121594638373,0.000332067129155,0.00035362951566,1.21978511352
394,18468.750000,-0.000133764833649,-0.000126457851716,0.000184077752544,-2.38426684054
395,18515.625000,-2.70097314592e-05,0.000223592685093,0.000225218148515,1.69101265385
396,18562.500000,0.000274635429086,8.49059027928e-05,0.000287460660332,0.299837850229
397,18609.375000,2.91207985417e-05,5.37625942326e-05,6.11427628287e-05,1.07438229786
398,18656.250000,2.31812661982e-05,-0.00012554632824,0.000127668522499,-1.38820964911
399,18703.125000,-0.000145856382895,3.22014066249e-05,0.000149368721692,2.92430348464
400,18750.000000,0.000138379856937,-0.000205151475018,0.000247459314854,-0.977372857126
401,18796.875000,0.000222290905021,-3.05520559884e-05,0.000224380646625,-0.136586014942
402,18843.750000,3.60547870682e-05,-0.000197879436772,0.00020113731421,-1.39056760893
403,18890.625000,-2.96095709849e-05,4.2141707584e-05,5.15038854068e-05,2.18327795142
404,18937.500000,-0.000277499983621,-0.000203941479646,0.000344381137739,-2.50781001882
405,18984.375000,9.42913648703e-05,-0.000121701598746,0.000153954995458,-0.911626799185
406,19031.250000,-4.22256964452e-05,0.000193557486438,0.00019810984326,1.78558693132
407,19078.125000,-1.73220413009e-05,0.000248298489738,0.000248901974924,1.64044645517
408,19125.000000,-0.00014198046782,0.000122994304696,0.000187845820369,2.42772496196
409,19171.875000,4.42721108631e-05,-3.47546764723e-05,5.62841659525e-05,-0.665542389597
410,19218.750000,0.000214038355773,-0.000161925600427,0.000268388371238,-0.647664739657
411,19265.625000,-7.60938297018e-05,0.000151926629346,0.0001699175436,2.03513095255
412,19312.500000,0.000142786261825,8.01903691429e-05,0.000163763279978,0.511714060581
413,19359.375000,-0.00014733035318,3.52285142678e-06,0.000147372465034,3.11768596914
414,19406.250000,0.000213932723962,0.000297623456056,0.000366533670999,0.947561849857
415,19453.125000,-0.000210671907629,-0.000115934788927,0.000240465232305,-2.63851171977
416,19500.000000,1.33560666167e-05,0.000182215943175,0.000182704774055,1.49762915896
417,19546.875000,0.000197902060771,4.74255963786e-05,0.000203505314056,0.235206215528
418,19593.750000,-1.7596539248e-05,-8.19546395712e-06,1.94114353663e-05,-2.70572429532
419,19640.625000,-0.000111491063108,-5.02572424382e-05,0.00012229492046,-2.71809547884
420,19687.500000,-5.09475498684e-05,8.69980956982e-05,0.000100818259719,2.10057283806
