input,probe_sync_score,file_sync_score,payload_start,payload_delta,pilot_score,pilot_residual,mean_abs_h,header_ok,file_match,byte_errors,bit_errors,bit_error_rate,first16_hex,error
data/step2_file/receive_exp2_combo_bpsk_pilot4_8_150_1.wav,0.23041215829939404,0.33283346914648554,462986,-27,34.93008890436717,34.93008890436717,1.8904172337392973,False,False,2157,3302,0.0934669384057971,653870322e7a7a70003430887a11566c,"ValueError: invalid literal for int() with base 10: b'40\x88z\x11Vl)w!\xe9s adpd3t)F\xf9l%,\xa0Liis i[ a tg\xd3T fmm}. Thhc'"
data/step2_file/receive_exp2_combo_bpsk_pilot4_8_150_2.wav,0.06165692952668349,0.3065357692211874,503974,28,49.204657168416695,49.204657168416695,2.719860577725072,False,False,2308,3578,0.1012794384057971,657870b22e727a74aa34309072145664,UnicodeDecodeError: 'utf-8' codec can't decode byte 0xb2 in position 3: invalid start byte
data/step2_file/receive_exp2_combo_bpsk_pilot4_8_150_3.wav,0.08296361970564813,0.38457936318643043,486717,-3,31.00546822805099,31.00546822805099,1.472588565369034,False,False,1703,2603,0.0736809329710145,653870322e76783400742f9032004468,ValueError: invalid literal for int() with base 10: b't/\x902'
data/step2_file/receive_exp2_combo_bpsk_pilot4_8_150_4.wav,0.08058185248708946,0.37468174595864856,505384,13,30.647210049982057,30.647210049982057,1.3811925779276928,False,False,1815,2638,0.07467164855072464,657870322e7071750034311032045468,ValueError: invalid literal for int() with base 10: b'41\x102\x04ThiS ir a |es|&fide. Thiq ir a tm\xf3t file. This&iq h tecd file. P(iw osaa tmst vil\xad\xfe'
data/step2_file/receive_exp2_combo_bpsk_pilot4_8_150_5.wav,0.06725057767729281,0.3786387149313199,492251,-16,28.94457116502333,28.94457116502333,1.3872945198568583,False,False,1487,2177,0.061622509057971016,655870323e7841540234209033005468,UnicodeDecodeError: 'utf-8' codec can't decode byte 0x90 in position 11: invalid start byte
data/step2_file/receive_exp2_combo_bpsk_pilot4_8_150_6.wav,0.2475246397153684,0.37633986490071597,514091,-27,28.722081180131187,28.722081180131187,0.6985395035423763,False,False,1434,2023,0.057263360507246376,657870322e7268740034321033044468,ValueError: invalid literal for int() with base 10: b'42\x103\x04Dhis ir a tas|-fide. Thiq icHa tis| file. This is A test falm/ 4xis Ys'
data/step2_file/receive_exp2_combo_bpsk_pilot4_8_150_7.wav,0.0613055005896812,0.37345533383263035,483663,-32,27.356487560762424,27.356487560762424,1.0756223154887445,False,False,1598,2374,0.06719882246376811,657870323e766a74003428b033004468,ValueError: invalid literal for int() with base 10: b'4(\xb03'
data/step2_file/receive_exp2_combo_bpsk_pilot4_8_150_8.wav,0.06301304321483285,0.3701204227014639,501262,-16,26.227662127317302,26.227662127317302,1.075101595594118,False,False,1553,2429,0.06875566123188406,655870322e7e21550234311032004468,"ValueError: invalid literal for int() with base 10: b'Dhis ir a t%su*fihe. This is i!vg\xf3t,fide. Thisaiq h test file/ t,is \xf9s A test vileN`\nT,is`i30a tesu\xa0\xe6ild& T\xa8is is ! udrt /9ld.!ThiS is q tee\xd4!fild\xee This Ys a\x18\xf4est$g\xe9le"
data/step2_file/receive_exp2_combo_bpsk_pilot4_8_150_9.wav,0.06358194282516723,0.37938069953524356,505770,-17,25.643829143044066,25.643829143044066,0.8244004688872172,False,False,1504,2180,0.06170742753623189,657870322e7a2155003420b033044468,"ValueError: invalid literal for int() with base 10: b'4 \xb03\x04Dhis is a lasu &ide. Thiq is""\xe9!ve\xf3t0file. Thi\x13eis$\xe1 tesd""fale/ this Qs'"
data/step2_file/receive_exp2_combo_bpsk_pilot4_8_150_10.wav,0.06483929723114012,0.37131282400816384,493269,-2,24.650679872451022,24.650679872451022,0.8274208421937962,False,False,1538,2305,0.06524569746376811,657870322e7378302030381032024468,UnicodeDecodeError: 'utf-8' codec can't decode byte 0xb3 in position 17: invalid start byte
data/step2_file/receive_exp2_combo_bpsk_pilot4_8_150_11.wav,0.06247671671123935,0.37815662358875723,498359,-13,27.695507367747176,27.695507367747176,0.9041026973323892,False,False,1564,2324,0.06578351449275362,657870322e7e01752234311036004468,"ValueError: invalid literal for int() with base 10: b'Dhis is a(lest.\xe6ade. This is a t|st fame. Thispis Y tesd""fale/ u\xe8)s ms`a tist filen \nT\xacis i30a test\xa5\xaeild. This is a test eyle.!ThiS i{4e%w\xf5e\xb4$bmle\xae ThiS a{ a8tect$gile. *Dxi"
data/step2_file/receive_exp2_combo_bpsk_pilot4_8_150_12.wav,0.03556090660942217,0.020984964869372798,504908,-5,348.0344827750821,348.0344827750821,0.08920914810399808,False,False,4399,17542,0.4965466485507246,f7a99f9d3dfbd834be8fa6b89cd92eff,UnicodeDecodeError: 'utf-8' codec can't decode byte 0xf7 in position 0: invalid start byte
data/step2_file/receive_exp2_combo_bpsk_pilot4_8_150_13.wav,0.03562375405294735,0.021447660571656386,512715,-9,279.8701590915861,279.8701590915861,0.08998534872486269,False,False,4400,17571,0.497367527173913,f7a9bf9d3ddfd874fea7e4b8bcdd2efd,UnicodeDecodeError: 'utf-8' codec can't decode byte 0xf7 in position 0: invalid start byte
data/step2_file/receive_exp2_combo_bpsk_pilot4_8_150_14.wav,0.0350946685479555,0.022049927977231973,485312,-35,283.8313463429979,283.8313463429979,0.09054665801148183,False,False,4396,17572,0.4973958333333333,f721bf9d1151d8b7c78fe5b0b0d52eff,UnicodeDecodeError: 'utf-8' codec can't decode byte 0xf7 in position 0: invalid start byte
data/step2_file/receive_exp2_combo_bpsk_pilot4_8_150_15.wav,0.0019539980941916417,0.018497116296395312,448680,40,980.5373123248143,980.5373123248143,0.007464258046235019,False,False,4395,17564,0.497169384057971,d2a7a970162ea49f86c488eaa1ddcae1,UnicodeDecodeError: 'utf-8' codec can't decode byte 0xa9 in position 2: invalid start byte
data/step2_file/receive_exp2_combo_bpsk_pilot4_8_150_16.wav,0.048153503114737733,0.26164147256752274,523058,27,113.86333751589845,113.86333751589845,5.314535404544351,False,False,3397,8198,0.23205389492753623,657870122a7424375df733e03307a521,UnicodeDecodeError: 'utf-8' codec can't decode byte 0xf7 in position 9: invalid start byte
data/step2_file/receive_exp2_combo_bpsk_pilot4_8_150_17.wav,0.06827284461863431,0.26479808849607805,479978,7,19.78430953711594,19.78430953711594,1.5783649173068355,False,False,1259,1741,0.04928102355072464,65f870322e7478740035763032115468,UnicodeDecodeError: 'utf-8' codec can't decode byte 0xf8 in position 1: invalid start byte
data/step2_file/receive_exp2_combo_bpsk_pilot4_8_150_18.wav,0.06590852796833409,0.27293781189681426,508961,-9,20.269672466434624,20.269672466434624,1.5504196154011467,False,False,1217,1670,0.047271286231884056,657870322e747876003574203211cc68,"ValueError: invalid literal for int() with base 10: b'5t 2\x11\xcchns!is a pesv \xc6iLU. TbIs is a qestb\xe6ile. This is a t\xe5\xf3t fi\xece. ThIs0ds l tesd file> \ntbis is a test F\xe9l%. TlIs i3 a test falm> Thi\xd3 is q""tds\xb4 vHld. Dhis iw c TeSv"
data/step2_file/receive_exp2_combo_bpsk_pilot4_8_150_19.wav,0.05839382581648528,0.2710173517302945,518186,-8,20.583702997021557,20.583702997021557,1.5825546304140583,False,False,1307,1817,0.051432291666666664,657870722e7478f4003574203210c568,UnicodeDecodeError: 'utf-8' codec can't decode byte 0xf4 in position 7: unexpected end of data
