bin,freq_hz,real_h_mean,imag_h_mean,abs_h_mean,phase_h_mean,abs_h_std
8,375.0,0.2189077392456901,5.931671300744169,5.935709310467763,1.5339081670775239,0.5929932611929017
9,421.875,7.335887293048505,0.20259908352330386,7.3386844028718805,0.027610511130419273,1.3067206624266237
10,468.75,6.310540265892977,-4.247022366281359,7.606583821082281,-0.5923775493954448,1.1595746286641329
11,515.625,3.5044331304090592,-2.924829336826615,4.564611507573263,-0.6954903043383125,0.5220496982368986
12,562.5,3.898457118856088,-4.151991528975362,5.695349116976313,-0.8168809602865456,0.6277566416562357
13,609.375,4.41431875124805,-2.115596183456361,4.895095223698439,-0.4469164881454635,0.6217496091407564
14,656.25,6.337154490290376,-2.871611132105761,6.957418884028847,-0.42546115866130135,1.13347786038685
15,703.125,3.0293064403747887,-1.152314546183938,3.241068700759561,-0.3634867952380753,0.5871301315477236
16,750.0,2.0238291406021056,1.657131234538273,2.615715641814415,0.6861055922597171,0.5645102579822932
17,796.875,3.073904271086491,-3.5076648785045466,4.663968306892542,-0.8512083393543761,1.1436712932493822
18,843.75,-1.0066306304662094,-2.323396891169455,2.532089718017252,-1.9796408535212573,0.6805092944527423
19,890.625,0.6480254329482672,-1.6409554810250733,1.7642765804867497,-1.1946878323440449,0.30086132594089376
20,937.5,-0.3871487317806513,-2.1260873170371477,2.1610486852881365,-1.7509172553517192,0.6944752419868961
21,984.375,0.9224515851066735,-2.380453456888098,2.552934700942488,-1.2011025889583695,1.0023618888608326
22,1031.25,1.3828757648096226,-0.9565583854161659,1.681472368374747,-0.6051451033730015,0.9870906435258311
23,1078.125,1.1127946164001858,-0.7723137422993994,1.3545406508605564,-0.6067085480030159,1.2452418423865712
24,1125.0,1.4135585232412682,-4.30624853505598,4.532319951669322,-1.2536209270432253,2.046515906640517
25,1171.875,2.365822646731835,-1.4179881253188549,2.758225356879765,-0.5399514733646447,1.1779821219098583
26,1218.75,0.5499940854834865,-1.0127790472278133,1.1524820573746448,-1.0733012895765603,0.7279162069103436
27,1265.625,-1.0082090643490145,-0.5108710886814931,1.1302543017773166,-2.672590301817776,0.4093498767974077
28,1312.5,-0.9397346400969457,0.9951701926113116,1.3687457419331652,2.327552051985091,0.6212745548761143
29,1359.375,-0.9243843344137379,0.0100237426244692,0.9244386800246573,3.130749382673184,0.3761572484340227
30,1406.25,-1.4834880612929382,1.2913362097573688,1.9667958802654657,2.425332413849323,0.8428322498822678
31,1453.125,0.9629026238567804,0.5160258588068861,1.0924578481514318,0.4919585834954522,0.8162749300045868
32,1500.0,0.07224064961585522,-0.2638846938952062,0.27359430390468187,-1.30358479448709,0.23258220648462138
33,1546.875,1.9099225182836599,-0.7644831225527335,2.057240498948768,-0.38073840833118344,0.7587329301547058
34,1593.75,3.6605230923987047,-0.7905409855748152,3.74491446629396,-0.21269732683150658,1.3995163566750513
35,1640.625,2.020515676962885,-1.970365431906717,2.8222018949936465,-0.7728326160400708,0.9393271986892747
36,1687.5,0.40199534997328623,-0.9401976875406668,1.02253212812946,-1.1667553555252907,0.2614298051410151
37,1734.375,0.7444704296127346,-0.7278341301878615,1.041142997687681,-0.7740991483022481,0.3158638352502355
38,1781.25,0.7326628886818572,-0.37931757609398675,0.8250313521227305,-0.4777265079926283,0.3434509974025178
39,1828.125,0.8874673300928558,-1.0353496987620376,1.3636521773197094,-0.8621562848128265,0.48135946787401673
40,1875.0,0.31855676202084315,-0.8261196261325676,0.8854106659119357,-1.2027597391218308,0.5364225368400585
41,1921.875,-0.011094976890343613,-0.00034559983360169525,0.011100358167295519,-3.1104535059764045,0.4656971942922426
42,1968.75,1.1791491811603894,-0.7360507252992045,1.3900228277423006,-0.5580395767333156,0.56797349448044
43,2015.625,1.0199924348258667,-0.9436990780245561,1.3895871750150823,-0.7465656872647235,0.44816273969364145
44,2062.5,1.230896170854297,-0.7657383783474371,1.4496415582818856,-0.5565099561892984,0.6936819549310229
45,2109.375,0.8287566312662114,-1.2193711705608963,1.4743485359516486,-0.9738528610962528,0.6239852697546422
46,2156.25,0.827884838210363,-0.8546733802561937,1.1898991101169658,-0.8013181348840392,0.4286605857831662
47,2203.125,0.525359400610226,-0.775822637014568,0.936964921389149,-0.9755612923996285,0.4020271249872702
48,2250.0,0.5059950306043686,-0.7053090528407076,0.8680390722861339,-0.9484818023691869,0.30238469661587647
49,2296.875,0.10945949750666757,-1.2808847166500756,1.2855532034661796,-1.4855472754808952,0.5190394767636628
50,2343.75,-0.3410366739831756,-0.5911253027363299,0.6824479002360726,-2.0940782605066186,0.23448253878148162
51,2390.625,-0.30136186221844813,-0.5842674144880156,0.6574096011105113,-2.04699947131233,0.20520848751787046
52,2437.5,0.22933233976735645,-0.29678551271906983,0.3750666109147699,-0.9129117724011045,0.15115195099277154
53,2484.375,0.31422651734004664,-0.4773582974461533,0.5714973738700335,-0.9886353844025306,0.19830345377332997
54,2531.25,0.4572939130703577,-0.3191998004797559,0.5576793304019039,-0.6093951384921386,0.27649143269318005
55,2578.125,0.640428015145617,-0.6064181408247167,0.8819812946455614,-0.7581282045082672,0.3905278997175087
56,2625.0,0.1598469066656075,-0.5654362881495123,0.5875961449217155,-1.2952888376589435,0.1737359848018569
57,2671.875,0.40963280111890277,-0.2505293790482463,0.4801708045256588,-0.5489016519495976,0.29926655214980213
58,2718.75,0.2848856062410127,-0.31666067664179787,0.42595045812224525,-0.8381714374966908,0.2290351713197086
59,2765.625,0.11096541005969976,-0.3095107584491071,0.32880120411193575,-1.226552670156578,0.11193967927564273
60,2812.5,0.12770954911843252,-0.3093793204224196,0.334701796889517,-1.1793105693408603,0.09934818449881148
61,2859.375,0.187915066584173,-0.28512821689867796,0.34148231626418624,-0.9880821371207361,0.12150007732830123
62,2906.25,0.2893110787778576,-0.5914949445092974,0.6584581761081447,-1.115891807167759,0.29289898071461096
63,2953.125,0.1799365275573185,-0.39820177445674265,0.43696888576863707,-1.1463861190684204,0.14630845436967205
64,3000.0,0.4313984148887971,-0.3708527804115722,0.568890479009414,-0.7100712873234278,0.33036539874508564
65,3046.875,0.38162334175589285,-0.27419484653214354,0.4699140228145152,-0.6230318334673107,0.2630599811100649
66,3093.75,0.12405302554384189,-0.2567901229700994,0.28518471277678936,-1.1207671022380215,0.09022643222270044
67,3140.625,0.1221324215798201,-0.1250536690146796,0.17479916628801162,-0.7972156222205886,0.1623512027603156
68,3187.5,0.19893639409352296,-0.21631958246528243,0.29388747957830325,-0.8272351171305443,0.1754031506849392
69,3234.375,0.11351048052451869,-0.2154399661978963,0.24351387686178755,-1.085878599804412,0.10951854549063134
70,3281.25,0.08439813618610842,-0.07799601885728091,0.11491920792136631,-0.74599524463891,0.20979446184854939
71,3328.125,0.25792680827530173,-0.19935102066798238,0.32598630012387114,-0.6579952669850704,0.24176766034415198
72,3375.0,0.1940318692005937,-0.41773867354509453,0.46060174298486034,-1.1359650900642515,0.18228587192364154
73,3421.875,0.16504414727340727,-0.3172954373878389,0.35765341482550694,-1.091151712236468,0.095472549327645
74,3468.75,0.11757597521195728,-0.2964957787887972,0.3189574529410124,-1.1932659479559165,0.06340738557589407
75,3515.625,0.12175187735480969,-0.2533607644631594,0.28109641870500085,-1.1228314842151024,0.08619605178494555
76,3562.5,0.06999113027865703,-0.260348655778904,0.26959262023202,-1.3081695799599102,0.04247325355672464
77,3609.375,0.10928939025657476,-0.2048965390221844,0.23222136535194912,-1.0807963075876679,0.06322912772988555
78,3656.25,-0.09104488269742039,-0.2686682180971308,0.28367548727529224,-1.8975258627337168,0.14526087695119944
79,3703.125,0.0854196269307031,-0.12937179831401208,0.15502765838385715,-0.9872389845488123,0.15758885551448276
80,3750.0,0.09399327900488763,-0.10633345015604295,0.14192089035860198,-0.8469206473124766,0.15800887936778166
81,3796.875,0.0389714877433072,-0.20051964096933875,0.20427164088879116,-1.378836933642915,0.14886208673490453
82,3843.75,0.1436037609882855,-0.44347812740216785,0.46614899941340004,-1.2576388557702296,0.3446508480578529
83,3890.625,-0.2740410301699788,-0.5081243050876698,0.5773116971250891,-2.065402092721919,0.5053310461263643
84,3937.5,0.017735244426218832,-0.07887053986805853,0.08083997126382923,-1.3496101359514447,0.19215002022795274
85,3984.375,0.2920485856393748,-0.30421956006073136,0.4217130743734467,-0.8058072437772202,0.3782173591953882
86,4031.25,-0.2366465448291004,-0.28505547953549426,0.37048375617935264,-2.2636690422322605,0.343734735131689
87,4078.125,-0.3674119625047868,-0.059821747859522434,0.37225017355078177,-2.9801897077225217,0.7016928803144628
88,4125.0,0.22607446341507276,0.5207081880060818,0.5676677549984587,1.1611865955669203,1.0407943388806877
89,4171.875,0.4677416130580591,-0.07360433915789125,0.4734974290627405,-0.15608118693963113,0.7088250076199799
90,4218.75,0.16593617005616038,-0.2525886633630498,0.30221820824106393,-0.989556246208842,0.17177227053511585
91,4265.625,-0.008531497885394491,-0.2091069789630191,0.20928094778839523,-1.611573391084022,0.11012825743679354
92,4312.5,0.07691726478433965,-0.19625865720969302,0.21079308848170522,-1.197276706009304,0.11027521529310191
93,4359.375,-0.08895186727213616,-0.23729618686686835,0.2534204312851579,-1.929440625713839,0.27642964505575485
94,4406.25,0.01740378014673424,-0.34653720626965884,0.3469739570811849,-1.520616520034962,0.2792500293395335
95,4453.125,0.0477223948110127,-0.3799725134335272,0.38295761897563835,-1.4458561845933418,0.3716925737779663
96,4500.0,-0.21828172034811227,-0.07721890369703654,0.23153761795074185,-2.8015738854042276,0.47200710214467095
97,4546.875,0.13372306001530104,0.08018043207852027,0.15591907666528174,0.5401257998819963,0.42105997864669004
98,4593.75,0.28174016520674006,-0.3412246078957377,0.4425062188538384,-0.8805955855117511,0.44508489914830207
99,4640.625,0.06626110439343684,-0.15278242395878205,0.16653228823912483,-1.1615833259703148,0.07119038666668863
100,4687.5,0.2490026635870496,-0.10928011357518552,0.27192732429171373,-0.4135608239427409,0.3615556513519506
101,4734.375,0.06258112143968052,-0.22557844540029492,0.2340983378622366,-1.3001769260403004,0.1819669956725295
102,4781.25,0.04433999592132257,0.0005190385236736095,0.044343033717732475,0.011705342035168782,0.40203621701530007
103,4828.125,0.0021907839651647667,-0.0033653144195943453,0.004015579102041532,-0.993725894960092,0.34824305828471314
104,4875.0,0.1661825084048829,-0.0608398329613015,0.1769692384978193,-0.35094740303491284,0.1735987643386089
105,4921.875,-0.06138672717085145,-0.17663578339517175,0.186998743975393,-1.9052715004537255,0.11175805480102059
106,4968.75,0.09799394223207417,-0.11685201100945382,0.15250313174206162,-0.8729486197598952,0.10948548269547351
107,5015.625,0.15135104651749032,-0.23426068708822398,0.27889999784328845,-0.9971820516207093,0.255920281977302
108,5062.5,0.028911893497166243,-0.1339387094515076,0.13702363108284227,-1.3581991391204942,0.08779152818076666
109,5109.375,0.08318334179319538,-0.10719638813213153,0.1356854228738598,-0.9108679500222329,0.14305369094858675
110,5156.25,-0.0016341528248442596,-0.07612852342788551,0.07614606053345806,-1.5922587409788462,0.32509641053701505
111,5203.125,0.16015605452751644,-0.1327718675138212,0.20803444571735832,-0.6921846883048367,0.22175267900584206
112,5250.0,0.15274827868370536,-0.14775035591286245,0.21251400968692027,-0.7687675986659722,0.125064914848378
113,5296.875,-0.04876143020557783,-0.2085789136476818,0.2142028017887267,-1.8004511481495284,0.26737946796507406
114,5343.75,0.005603142881234091,-0.12733454490443025,0.12745776373436765,-1.52682137372649,0.15350549422985912
115,5390.625,0.09715162671231908,-0.1773436610498167,0.20221081248885298,-1.0696317337867463,0.16473664264691482
116,5437.5,0.06828665255078911,-0.07391217714833578,0.10062840974297052,-0.8249385209423655,0.1128558509071327
117,5484.375,0.18266699271321094,-0.043743388309627866,0.18783161141750115,-0.2350444255981016,0.2860346762767334
118,5531.25,0.2201405819306216,-0.010195934539971065,0.22037657065553976,-0.04628248585839937,0.4613781082764893
119,5578.125,0.0032326415472815704,-0.190380783021862,0.19040822596566176,-1.553818085212343,0.08635809891915969
120,5625.0,-0.08975092504337312,-0.025360549820422962,0.09326513836013613,-2.8662061920468562,0.47367858049213074
121,5671.875,0.017764122608255852,-0.023106126393651883,0.029145447825699347,-0.9153677809977159,0.4597525745380179
122,5718.75,-0.012362405374607956,-0.06499106142438003,0.06615638390747845,-1.758767713772558,0.284910475060165
123,5765.625,-0.014662575530933586,-0.13028953613512226,0.13111199162359505,-1.6828632060828639,0.24604290345563715
124,5812.5,-0.003710740323033718,-0.0985373166134828,0.09860716180445893,-1.608436764173014,0.18894614970711934
125,5859.375,-0.03181303293072476,-0.11332193089204966,0.11770271485974254,-1.8444831985226737,0.31429534025662
126,5906.25,0.016962831127311753,-0.06757578032873426,0.06967225937839999,-1.3248584685609728,0.37272049524725764
127,5953.125,0.0028598665987988993,-0.0969598313820278,0.09700199863195699,-1.541309500640729,0.13178619838280092
128,6000.0,-0.06477917420733957,-0.125459669221859,0.14119656515738307,-2.0474260968353417,0.30358415031612335
129,6046.875,-0.052489953695549374,-0.16999342643247042,0.17791278838018545,-1.870285264957763,0.3771792785654631
130,6093.75,0.05389216799627055,-0.18027714530951996,0.1881600778387595,-1.2803116911147903,0.12349401754291024
131,6140.625,0.08558803029105488,-0.2356430561931968,0.25070492787572535,-1.2224015097691738,0.15363851080138446
132,6187.5,0.0063625273578270195,-0.16183152071831253,0.16195654618563807,-1.5315008167428898,0.17544589256709564
133,6234.375,0.0006729613908482646,-0.12214586078691546,0.12214771460985303,-1.5652868926028092,0.18333689076745616
134,6281.25,0.061316472592076565,-0.03472015526527402,0.070464168147929,-0.5152298880896513,0.2501872915326773
135,6328.125,0.0017344619427441367,-0.04658635412669704,0.04661863092207717,-1.5335823994654256,0.41992429706050227
136,6375.0,-0.017989483407492835,-0.06057467362379402,0.06318949752844713,-1.8594804367165634,0.19418696123243298
137,6421.875,-0.08857803141435741,-0.13600722591426137,0.16230845064301433,-2.148066949212776,0.4534104103474196
138,6468.75,0.035263691644028865,-0.11100773761790804,0.11647422787643397,-1.2632094957817737,0.18626620051271073
139,6515.625,0.10868293716798416,-0.1886519849693903,0.21771897543473573,-1.0481336568744417,0.2027757373504218
140,6562.5,0.09197627844920221,-0.22666820629641757,0.24461829764553691,-1.1853214856626964,0.2948588195771861
141,6609.375,0.10025272744754064,-0.23358334980126713,0.2541884943600949,-1.165378132451136,0.26771630669066443
142,6656.25,0.10583958686391351,-0.13392710789585313,0.1706999952456689,-0.902011886564801,0.17456795529288743
143,6703.125,0.1138566730658977,-0.11110869145128835,0.1590864020513768,-0.7731836389180887,0.12794540448502206
144,6750.0,0.04707531138744492,-0.18018327362626801,0.18623129983142864,-1.315245144028663,0.15093718332568642
145,6796.875,0.07758155848430173,-0.1020697929464745,0.12820741339325625,-0.9208729943737011,0.21338641528843347
146,6843.75,0.03888013195373089,-0.09528770473835896,0.10291458271325887,-1.1833877520741316,0.19086958175411228
147,6890.625,0.06858268763137602,-0.1045733594048254,0.1250566773105446,-0.9903313173830941,0.14432913859315147
148,6937.5,0.0030817054081114627,-0.166728499853337,0.16675697757984995,-1.552315056087704,0.13542192302443784
149,6984.375,0.012289559778996928,-0.13192631700407617,0.1324974958171721,-1.4779096669009433,0.20878023909624807
150,7031.25,0.06131046796219963,0.011952693295218121,0.06246471290859712,0.1925385272748541,0.3669125244075561
