bin,freq_hz,role,gain_run1,gain_run2,gain_run3,min_snr_db,min_phase_coherence,max_amplitude_cv,gain_std_db
1,46.875,zero,0.043049299419125164,0.019144236400529476,0.018783157328875467,1.1947946247453465,0.5620298669925203,0.6630144361751124,3.357670900368034
2,93.75,zero,0.03178369113056222,0.018884609435723586,0.018030177333994944,6.48323929211457,0.7222592700589578,0.48009123609411786,2.232491918206048
3,140.625,zero,0.03869588417094515,0.03129253519090235,0.030224309311141145,14.033460883337588,0.7192981402185566,0.33119829245369214,0.9486340884945126
4,187.5,zero,0.05445789862874326,0.034426691124914956,0.030744986601807973,16.92975591356069,0.7927355525026487,0.22314818063500771,2.1471016765320803
5,234.375,zero,0.23301514841287757,0.24904644531397585,0.24491061625443605,32.71072753652378,0.9285609692571862,0.09502086461759779,0.2454434912653137
6,281.25,zero,0.20690323068419064,0.17830688468733175,0.1829740166674432,33.940933181633206,0.9296786352242141,0.14541559759502531,0.5636454407881115
7,328.125,zero,0.09504746746216863,0.03334399552035858,0.03776527741102005,20.81443054815423,0.8536748507311271,0.5964191020911603,4.058231578686609
8,375.0,zero,0.1754894199973555,0.10252195050929128,0.10608134445111558,30.782597781675104,0.7986534840346865,0.22108025093290296,2.134399091011078
9,421.875,zero,0.12101408195487898,0.1967027104105828,0.17543179489379712,31.79331528699845,0.9887366833419615,0.20109303217543426,1.801102008599097
10,468.75,zero,0.241184270683228,0.2607191329535614,0.2648703064382888,35.00563756813629,0.9943030193814008,0.11472606717016721,0.35567363906472693
11,515.625,zero,0.22914672580246626,0.13393163275444392,0.1464660530769602,33.03701986842385,0.9806062095551343,0.12868162624835505,2.040570449084051
12,562.5,zero,0.5504650705392711,0.598732759975427,0.595100059332774,36.27656619836441,0.9968910499434132,0.06783014616433557,0.33239790267043595
13,609.375,zero,0.12828069108682827,0.2380192949490888,0.22812030179419962,24.961757472397256,0.9304208547165111,0.45590641875418425,2.448650710695231
14,656.25,zero,0.584936226246607,0.4349862504852663,0.28382421022877347,35.17608422280372,0.9610621455728567,0.53097823748717,2.578219778721622
15,703.125,zero,1.0529373049393391,0.752989599300385,0.8042095661995692,36.13027117112259,0.9921867142607427,0.08688641684257188,1.2599280560357193
16,750.0,zero,0.5980241056539399,0.5724812733438314,0.5458901537779134,41.64339323325614,0.9693440841506162,0.1099358760638365,0.3235413981075923
17,796.875,zero,0.5695580651504614,0.44634891502211255,0.3867461428648845,36.6378231593579,0.9792359921645615,0.17549499091427442,1.3879418782510813
18,843.75,zero,0.6845838431513287,0.7382770373551018,0.606427754183816,42.683488196257485,0.9913960572661475,0.0507132209643782,0.7038678173517268
19,890.625,zero,0.608945204439981,0.651339539581924,0.6123637394765713,43.007377120648,0.9984344190666166,0.05042458457336531,0.2648597366065101
20,937.5,zero,0.4450129003112185,0.35882196168151526,0.351861272865762,43.20690561748765,0.997176981382818,0.03575572640491886,0.9241851547538518
21,984.375,zero,0.4904205298314587,0.42764096009272917,0.4397882777702294,42.167140458422125,0.997969397698105,0.03181188839394691,0.5132298060669276
22,1031.25,zero,0.13166863459059253,0.030640436835795478,0.12790654075015312,15.57827169794943,0.9354897031215762,0.24366722398935714,5.911293842909256
23,1078.125,zero,0.6380897349887665,0.6202443073644361,0.6413948564379858,39.46536957198036,0.9982601524402177,0.05556693968978478,0.12803873124962373
24,1125.0,zero,0.7219332215626012,0.6779923415553518,0.7266006171486509,37.688146418407584,0.9872732777810799,0.07148485634169784,0.27128266835874304
25,1171.875,zero,0.8424503497441144,0.7225929678158527,0.5366155995155718,37.925149957812074,0.9964334275465285,0.039211214555439834,1.62634123534233
26,1218.75,zero,0.9180649107920154,0.7061002890334418,0.6897258095703206,43.91234582025994,0.9969949608155403,0.0767120275833927,1.1259820977567354
27,1265.625,zero,1.0017304805806657,0.8875729997528066,0.8263030232128457,42.54906583065359,0.9991405746890104,0.02800656894806103,0.6901554009269428
28,1312.5,zero,1.1355065150869654,1.0174873762742598,1.0742738662788156,44.00775756509569,0.9994637803799011,0.01708822022090112,0.38915399194528977
29,1359.375,zero,0.8651802088494152,0.9384734901957255,0.8701565842321031,45.90745164294158,0.9996334568974428,0.019418751530352545,0.3218583767643499
30,1406.25,zero,0.8186666654813126,0.7886721523688578,0.8650022827547399,47.43383451681781,0.9991858725024426,0.018170351437655,0.3295891743576705
31,1453.125,zero,0.8056753932671001,0.7208806825557894,0.6888183612963158,45.5438891472782,0.9996327556621779,0.043005409134835776,0.5717230439430516
32,1500.0,zero,0.6349372366755537,0.6132681116402754,0.6197001029669558,49.55377739597314,0.9961640240899395,0.031288084462432995,0.12635695081592985
33,1546.875,zero,0.18156193273343718,0.27013930057770186,0.24797121762565935,29.240984633725127,0.9408940692049804,0.11039681127519255,1.4830539979814243
34,1593.75,zero,0.5673319433798036,0.5042026784526081,0.5035604772751167,44.81789574640041,0.9948330801144949,0.11139014985641323,0.48565107261749374
35,1640.625,zero,0.45205626030551116,0.46520754759485494,0.4824915731780301,48.06625000989466,0.9969512556833577,0.04187411327632267,0.2315976193801598
36,1687.5,zero,0.5097560840011783,0.5063899653210253,0.48605730259622926,41.29977430006804,0.9978868542802278,0.14007676076335343,0.1828767170643083
37,1734.375,zero,0.5323649617754062,0.5507110468726643,0.5479227695688026,40.776888624287494,0.9967307000915538,0.08615122091833821,0.12959219663977184
38,1781.25,zero,0.2608411407536836,0.2794790992791045,0.36676477367848315,37.383674130195395,0.9893346516524322,0.14972353159324991,1.2778252899612692
39,1828.125,zero,0.4006341475685694,0.4797992575908137,0.4427092938578445,42.57623998554767,0.9881866933704334,0.10423479107706184,0.6406452419884928
40,1875.0,zero,0.2582195033336789,0.3226292009472748,0.2623847033362615,43.177439250583596,0.9827093861671616,0.10596774740407314,0.8809035496813202
41,1921.875,zero,0.29637097956065817,0.31170041165118534,0.3965559873411705,41.90428504970033,0.991131196380774,0.09188156643803712,1.1036975581311028
42,1968.75,zero,0.48362170272808536,0.3702160743358468,0.3815476224557148,44.52752019236769,0.9960277007756975,0.04590388860108299,1.037931923246507
43,2015.625,zero,0.37868283673524933,0.405168652770643,0.3717461588976011,44.3892371291016,0.9988357187557463,0.037588437445272266,0.3214171761320363
44,2062.5,zero,0.34650787125576865,0.34533587804443894,0.3121634550455681,43.835409165159554,0.9981973431478887,0.023531279311397302,0.4206205428607578
45,2109.375,zero,0.3259624021828419,0.2742559178304066,0.21480017176923655,41.59858834395518,0.9983561162183193,0.05228193514950645,1.486197169269686
46,2156.25,zero,0.23283492329079852,0.15935949394706306,0.11169349550097869,35.85689770912836,0.9818619070920209,0.11060015364083159,2.6052436148444156
47,2203.125,zero,0.3142060686772201,0.18921431659907278,0.21052274551375005,43.333348493022314,0.9916067563271239,0.10598167964846815,1.8963028282246943
48,2250.0,zero,0.1699083528065188,0.143780134294487,0.11609706821062964,39.83515800578636,0.9689480215907487,0.12890583988480228,1.3538390599983083
49,2296.875,zero,0.138508705905087,0.15067370897630905,0.1451824890571362,36.601489753933734,0.9676267702461314,0.263940471691795,0.2992063613270871
50,2343.75,zero,0.2918774034465779,0.24128942057498626,0.20844699638613629,38.67106913268348,0.994607821831816,0.03445713448150667,1.197155114332722
51,2390.625,zero,0.17187788873159415,0.13606142185786857,0.13482783976986032,35.800530635608446,0.9811238159399505,0.05200214467276605,0.975990365728263
52,2437.5,zero,0.06745202056054389,0.03642686056006839,0.06889878952625678,25.352940505812548,0.991392746680777,0.10529670622031143,2.567255298947777
53,2484.375,zero,0.03161719596287453,0.021643877634232683,0.019768994838412626,25.221973826722195,0.9676227568290519,0.09786759071642608,1.7667142349440896
54,2531.25,zero,0.028877845736222173,0.01065215386120209,0.0228563789244086,19.48593234428928,0.8866001869632874,0.1936764748608734,3.6989600461975356
55,2578.125,zero,0.17686522625214146,0.11912680815716842,0.10972003773895395,38.74088578784321,0.9955092847784893,0.05795139597400748,1.8102272658227945
56,2625.0,zero,0.23321783919757008,0.19600696169007742,0.16344525008622132,41.61838769101731,0.9977822374127184,0.045702858554317084,1.2606871127131365
57,2671.875,zero,0.13216622145844176,0.12447451454246622,0.13612248877287178,37.81896420012477,0.9919994529069808,0.12429037775194257,0.32327787672905095
58,2718.75,zero,0.1612474791054867,0.1836501737093294,0.17435415084262856,38.69824589043781,0.9957041263122866,0.10389848176426468,0.4644165335544232
59,2765.625,zero,0.06357593750617184,0.024646627517137355,0.02148826606467274,24.0177899438949,0.9803119011398576,0.05064856581276498,4.189061521197822
60,2812.5,zero,0.05668080648080116,0.0604632240666061,0.06939564384991512,31.943282215405816,0.9933050501120047,0.04744091079436861,0.7331446123062274
61,2859.375,zero,0.1266144609537314,0.11590555460820337,0.12807668340616657,37.486959214421546,0.9986724615827804,0.04739199897817022,0.38749421573001785
62,2906.25,zero,0.15303406506470846,0.16361184946745105,0.17325289134076383,40.86848082933568,0.9975776838382451,0.06437333376645744,0.4404663647088822
63,2953.125,zero,0.1311670861650866,0.0896310499659695,0.1379278367230563,38.98968530804304,0.9968252546439546,0.0518506780630093,1.6715109135986774
64,3000.0,zero,0.06294980458347851,0.11264376208924998,0.11987773881126745,34.34473097377058,0.985139210695031,0.1952431228708102,2.5197109938109397
65,3046.875,zero,0.07384583018201805,0.052198505228880906,0.06857321646044928,34.37987771864384,0.9700821218486703,0.2110275645895086,1.2957577200124213
66,3093.75,zero,0.06706424691199792,0.04831224901098361,0.03612944198269806,29.59563549511656,0.9627801949910276,0.08642645287365543,2.194688392794231
67,3140.625,zero,0.06976235807673847,0.05590688801701419,0.035940313999922584,29.07330623437288,0.9947780712351452,0.09148705790788032,2.3947334149453186
68,3187.5,zero,0.11333008845468734,0.1003734008025857,0.09806171943343403,38.28136893750382,0.9937814007924047,0.05167190325885705,0.5510424485226414
69,3234.375,zero,0.0824161711033671,0.1233096220331533,0.12277950511746884,35.176476807967546,0.99540549043601,0.16890670368185884,1.6410207145030837
70,3281.25,zero,0.13246589011602444,0.09089636023425557,0.1104737216063662,36.360849727750654,0.9965367947110724,0.0662194116102622,1.3357283629959869
71,3328.125,zero,0.021934898828842826,0.05864646709696125,0.051886867401023565,22.979465900776972,0.5827033932240242,0.6027990389864214,3.800969629819011
72,3375.0,zero,0.04695241871933069,0.02988004888862084,0.014393265696375779,21.90710290355426,0.9744647411438299,0.3833121731087847,4.231286341273154
73,3421.875,zero,0.09500874317705274,0.16707509206682455,0.16496579108286674,37.98743932957747,0.9816994213088921,0.14085305590967523,2.285711614018613
74,3468.75,zero,0.10108428583059924,0.13825838036304638,0.09632071980160001,35.96304474969763,0.9677038604984075,0.14607802497109298,1.3916854963015206
75,3515.625,zero,0.06821108218749902,0.07919140649367482,0.08749319295201101,34.15776819361297,0.9791436451603466,0.1268948797446166,0.8886040704609337
76,3562.5,zero,0.07592136923411442,0.09201552218128559,0.06621776439292494,34.728137674212455,0.9949558004720023,0.08976839404139327,1.1721859793746272
77,3609.375,zero,0.14597589270669886,0.15717656116746354,0.12984342395139076,38.14017119051199,0.9970712034495225,0.06549751115065945,0.6831741582391639
78,3656.25,zero,0.03933164499113746,0.04521251945553448,0.08544568216040693,28.28180206723075,0.9438802388567904,0.2200827571166923,2.9334132303117273
79,3703.125,zero,0.11599492243987555,0.09668854318960675,0.047788871892054816,33.80573136633642,0.9939913840450257,0.106663572791634,3.321499265759763
80,3750.0,zero,0.0758314267500815,0.08335102531776153,0.07385541683108479,35.041369798215555,0.9675285196762818,0.15634927889984546,0.4510140210927482
81,3796.875,zero,0.039271488879354145,0.07133561064923692,0.01120016620459937,19.902364097406256,0.9381905553074654,0.21524160398845454,6.701946955206355
82,3843.75,zero,0.09510107503254961,0.027091679475210385,0.038863011996763085,26.897425416378134,0.9850382159936097,0.2186258331506945,4.5850440513874124
83,3890.625,zero,0.061029936526319,0.07132630758453903,0.08372506580198824,30.3039150520239,0.9868162836688532,0.14059377874552156,1.1211882507625424
84,3937.5,zero,0.0961785351762916,0.09022741650676856,0.10202234280191733,34.76537214487726,0.9960953419573669,0.07029354179544375,0.4357710844609215
85,3984.375,zero,0.06979941706262932,0.03673916137633043,0.025537229905305124,26.723845926983437,0.9633963028259832,0.19927943924116262,3.6106255068659663
86,4031.25,zero,0.04773112608096942,0.04723190840008164,0.06509903007218766,31.104004467202696,0.9652048707010918,0.32418459572077485,1.2927134513173169
87,4078.125,zero,0.11983811503232694,0.08795355959769785,0.11126580509358117,37.259473705077085,0.9952945362374583,0.07986191177598856,1.1452847897154643
88,4125.0,zero,0.07494117764374293,0.027475043652829077,0.017629328979664904,24.719260206115568,0.9713837149680496,0.4385700078874799,5.257939651449751
89,4171.875,zero,0.1071416102921886,0.1119088809977769,0.1322625487143121,38.914701917239924,0.9845012526812542,0.11347624735837326,0.7886007548748846
90,4218.75,zero,0.18289384199862752,0.18349939229950157,0.17375442573666144,37.698033256622224,0.9959959251401439,0.04895486473911368,0.21698358331695144
91,4265.625,zero,0.07965894407175356,0.11771759289509678,0.09978618745684695,32.99357798830251,0.985729410073087,0.16735783689014636,1.390274227227726
92,4312.5,zero,0.03482665929853519,0.029732154759200973,0.027212283648495934,25.525146839425155,0.96183239646945,0.1880329372465482,0.8863761523569015
93,4359.375,zero,0.05592179183255169,0.01881624432962032,0.034540486756204865,21.84650401645377,0.9790210238150523,0.143513662417788,3.8709704200045127
94,4406.25,zero,0.19559755625666644,0.16090034827197275,0.12476383306625118,36.91829878224755,0.9971289398413322,0.07926579229992896,1.5989939435269358
95,4453.125,zero,0.16114658037086682,0.11171263126085591,0.11291093414398934,35.723004742875524,0.9941808654586185,0.09493754816168624,1.4788270430912325
96,4500.0,zero,0.10939229606851913,0.09619204376483334,0.08467254656007941,35.95064573278372,0.9929736657392779,0.10623050951639734,0.9083068958522332
97,4546.875,zero,0.037523724172119105,0.024417503248882953,0.0016193117672755305,1.8415717460086536,0.6139808456001665,0.47165097090091107,12.0858724179693
98,4593.75,zero,0.11880811629084059,0.13687341165171585,0.13116714616672304,36.37092211614765,0.9915995575034088,0.14698259877765574,0.5150252370629129
99,4640.625,zero,0.02463101836258786,0.06525409224519839,0.07037982098771926,21.747529590015073,0.9307908562843308,0.25976721345714865,4.152741449551313
100,4687.5,zero,0.12924454694391432,0.17422148249949665,0.1715293500936051,37.488803005837774,0.9970599537311492,0.04526704136697236,1.1921214707372065
101,4734.375,zero,0.12528507009242706,0.12085005455319492,0.12414884905037209,39.26841877865681,0.9958505455529872,0.08301567195600824,0.13290723559290438
102,4781.25,zero,0.07752174342006414,0.09146331826681352,0.1307155758656195,35.42861483044854,0.9891919042102117,0.17051344957343878,1.8937777545662247
103,4828.125,zero,0.22119610131878936,0.1582681601337813,0.1511838751088107,40.74222366650823,0.9896497009848134,0.1404614016660149,1.4734215765681746
104,4875.0,zero,0.10596665645353456,0.1580132166465137,0.1447564618668066,37.85637425302859,0.9920126001487675,0.07711525940865936,1.4893792281084346
105,4921.875,zero,0.12395277356562115,0.13417492151115412,0.14455661460981667,36.77667491022282,0.9892410668793504,0.17197109317783985,0.5453559615083731
106,4968.75,zero,0.083623673529499,0.08053460058799418,0.06047790597247056,34.393004146112276,0.9850750513489466,0.1817279308061105,1.2568862660933686
107,5015.625,zero,0.06483184332042595,0.08080034761170085,0.08757696432153667,34.1086684547276,0.9859779883528605,0.11426578800086057,1.1040176464450009
108,5062.5,zero,0.035938245675833286,0.05137334451607363,0.04613915731694687,27.682924920822796,0.9694062931226648,0.28933595617076124,1.3001551399035702
109,5109.375,zero,0.06935850781416898,0.04449185149411414,0.043616352319091375,26.85014498864267,0.8952335560241005,0.12993111294953455,1.8599405913809315
110,5156.25,zero,0.07922466440824696,0.12244604899571293,0.14289021291890147,35.64127838519819,0.9754936668105921,0.29552037548742655,2.1690591607443714
111,5203.125,zero,0.25398650121584043,0.047385456932345395,0.07056937003749056,28.977641291491043,0.9816912505754962,0.39787065267334776,6.22165982718247
112,5250.0,zero,0.29238239855412623,0.21971169581384403,0.21307835774017736,38.803145799936416,0.9958542309701907,0.10614516066874558,1.237553313389918
113,5296.875,zero,0.2880122776507077,0.1426002525355577,0.15724308969391465,38.09561045787688,0.9758376284598405,0.09079195534260819,2.7005274708252016
114,5343.75,zero,0.10878293633989371,0.014288390123188721,0.022253198430419528,18.892499938454783,0.8959874554853117,0.19644765144411894,7.56939194298962
115,5390.625,zero,0.05657984279752031,0.07528151587555831,0.09342524233056422,28.44389739068498,0.9574062660587995,0.22466985571047146,1.7840583564544548
116,5437.5,zero,0.1843583043720474,0.16825477888550494,0.1867171127204453,40.564013777845744,0.9924821147363363,0.09344489994710094,0.40280979554749013
117,5484.375,zero,0.24514455649112007,0.26526130809068343,0.22635644502509517,42.123102723968316,0.9955172337071613,0.06623543568841152,0.5624141742859663
118,5531.25,zero,0.4261694358803012,0.429368086357175,0.43710263488662504,40.973694457231886,0.9940835129534141,0.06217129868085653,0.09230144923780914
119,5578.125,zero,0.5340838507237626,0.6417460370564911,0.6604911455345334,45.94444761990353,0.9961843528260161,0.048739880873634026,0.8172708470234203
120,5625.0,zero,0.5400969427309886,0.548240196483629,0.5947539095646273,47.85959031973525,0.9947357976197986,0.035786374600032006,0.3679221420889224
121,5671.875,zero,0.36505943273478136,0.26151932445360737,0.2490517816210024,44.52934038211534,0.9928737000002394,0.07209245859600466,1.4759546117609623
122,5718.75,zero,0.4858572128931591,0.3997824854274499,0.3608634453791105,44.835018284388255,0.9954275004956453,0.02626414704603586,1.0715279463274854
123,5765.625,zero,0.36941982082078184,0.3248783087105045,0.3251177660398986,41.40132629724537,0.9971701703175136,0.05395009562954376,0.5245805965217714
124,5812.5,zero,0.14828432141469244,0.1439364841830984,0.09720567820187069,32.80700002033572,0.984399056252002,0.06959814422360264,1.6715541078091016
125,5859.375,zero,0.10221047043492792,0.18556312707015454,0.1417835697369465,36.23353424719761,0.9835071358861301,0.2053520713931988,2.1180470580076456
126,5906.25,zero,0.05389418694158083,0.05525736786840701,0.004200420798129699,10.549270377759044,0.47725125441951965,0.6613869933225262,10.500185782292295
127,5953.125,zero,0.35071501575011554,0.24665405368913995,0.25216406822639886,41.27537269889423,0.995351052504191,0.05746026380518419,1.3982009578000465
128,6000.0,pilot,0.2719489428870153,0.27749870578332964,0.24088904860855662,42.847088075628236,0.9927605730755504,0.055112916673575804,0.5426884444274434
129,6046.875,data,0.18369673637971234,0.3447194335606574,0.30333117373061036,40.147954877164,0.9976044736565558,0.060337928069949885,2.359447708717291
130,6093.75,data,0.35374720175178,0.36685689506776953,0.350243384149053,45.48353808905014,0.9962294796149569,0.04156933966967207,0.17301649496982197
131,6140.625,data,0.24625663152315538,0.31774131441271275,0.3141997245575576,43.33331348073847,0.9959421282439798,0.028688361251408646,1.0213814812168132
132,6187.5,data,0.30722049749160374,0.3119835390866271,0.31182655783160207,45.91110202249422,0.9968729635623934,0.018317051225909185,0.06198901508436877
133,6234.375,data,0.20515264964450847,0.21451012734517957,0.2001276706098969,39.22259176442102,0.9945780855246148,0.07129360278747479,0.24941486660464143
134,6281.25,data,0.2663497269877082,0.39088802558237035,0.4071475402863059,40.9015539513097,0.9950165301551801,0.047608966177011935,1.660457700512787
135,6328.125,data,0.26240561792006023,0.4968761757150536,0.4493557943464953,43.107945059036055,0.9919455103535034,0.046737454522370506,2.434606613966899
136,6375.0,pilot,0.2297655145367583,0.43768829305229584,0.40176281508669176,42.602014053689004,0.9963506738114819,0.06510120295165588,2.48204486494217
137,6421.875,data,0.2098647350665633,0.2616807960892248,0.21990184005753596,41.27443903548607,0.9965666297547336,0.04465281809573667,0.8246817237246188
138,6468.75,data,0.16436825591610335,0.23524136221917674,0.22642495953609906,40.521035549456315,0.9949406205261876,0.05559725950032082,1.396295860382019
139,6515.625,data,0.24718468512842245,0.19520270027511394,0.21459757599364188,43.348761792678665,0.9957100676824683,0.033227624234220744,0.8426296105799691
140,6562.5,data,0.2876543276379856,0.26872937126811036,0.2865364332440659,40.375489813498945,0.9955132531372363,0.0231876402946499,0.2710347176618003
141,6609.375,data,0.28800885250240427,0.3327743296217567,0.31548107397371905,44.49351783689237,0.9949610678451465,0.019829291316090746,0.5180966239050458
142,6656.25,data,0.1650844471408624,0.21502129831594433,0.2083364739530506,39.14608201626689,0.9930839596338632,0.06558279173205758,1.0235984289529638
143,6703.125,data,0.37497507272198993,0.42123576973688176,0.4528051873858623,46.04235614351191,0.9956458383035711,0.018384185102257516,0.674840947331434
144,6750.0,pilot,0.30221921170919175,0.2916949165060615,0.2600042625213729,38.60691426064307,0.9936835491116305,0.0453158322382381,0.5578258408952159
145,6796.875,data,0.17695252110756238,0.17828228552001896,0.1342090587253335,40.098517734223556,0.9888956144377063,0.10153327361039519,1.1477117513532216
146,6843.75,data,0.18536130033617662,0.21087095287092003,0.2432623422183705,41.99886670771814,0.9922299047391228,0.1086494007360065,0.9643449852263221
147,6890.625,data,0.21952624982703745,0.23408287923363186,0.2350178707836834,40.60034805195745,0.9936081407217978,0.04513053787061785,0.27141472914872494
148,6937.5,data,0.17839228735271095,0.211025427137724,0.19198324320093135,42.352494530416834,0.9966314734277648,0.023869139330125622,0.5972766268106764
149,6984.375,data,0.13478167066152208,0.1853269756515461,0.1652912324607457,37.34862178482139,0.9934677645307511,0.032225725569078226,1.1440930696812537
150,7031.25,data,0.14900754870675847,0.12305756896143673,0.1261517751980828,36.78841345198152,0.9852832914243322,0.12229122078957361,0.7379058114278877
151,7078.125,data,0.334030801350235,0.3137542530287809,0.3262923098589271,45.48002828926841,0.9948707516301176,0.04920201807818953,0.22438880275599266
152,7125.0,pilot,0.30994331401981645,0.27846016767961923,0.3460522200876667,44.902947467262344,0.9940441276640373,0.04220071318733519,0.7706236079671183
153,7171.875,data,0.1966059575850652,0.2011600615136207,0.2485777966364654,40.118434511792444,0.9880613454717628,0.07047817942669776,0.9171189067755997
154,7218.75,data,0.2793943576762966,0.27775235424321726,0.28346850284173875,44.95108172106288,0.9926547042834363,0.043405954052865854,0.07434218368570303
155,7265.625,data,0.2583248717969048,0.32934081085432476,0.32655058654020486,44.92719211224895,0.9914766553517393,0.033340795648657,0.9775155561381205
156,7312.5,data,0.19296895827130944,0.22499256014841912,0.20951497537769914,39.9798124170633,0.9919128671288635,0.03614219722838458,0.5449107053837022
157,7359.375,data,0.2744116690582037,0.19068493357117527,0.22784739107873292,40.61646123678333,0.9933135717827496,0.07730911741284378,1.2908697001577967
158,7406.25,data,0.1624229279022284,0.22703848494156886,0.15834449402366796,37.831451532867966,0.9740693231426293,0.07998986821662644,1.426253262047893
159,7453.125,data,0.24986585678804968,0.42466234953030135,0.28570771672959183,41.940552509693376,0.9938078314222499,0.07706314804964509,1.9558455241673074
160,7500.0,pilot,0.2590013600963934,0.4133104259174143,0.39522355894039196,43.55931449474553,0.9947107562636862,0.06564943080381776,1.8289456969711122
161,7546.875,zero,0.24816245285723104,0.41765600521501073,0.4150117086497857,42.756959932457605,0.987014713536856,0.07220458622201546,2.118644314795571
162,7593.75,zero,0.13902785784451518,0.30935080700721773,0.3410073572885217,36.745321804391295,0.9927998586654148,0.12034405514260696,3.49143955429857
163,7640.625,zero,0.19507704971046336,0.2271893812497256,0.22363513854218425,40.228089326269455,0.995204331650423,0.053725739555623424,0.5943227551758504
164,7687.5,pilot,0.3163732454703668,0.2504145576236955,0.26042365897745073,43.30900270688643,0.9960233516714722,0.02398106900587071,0.8880348259984221
165,7734.375,data,0.24771282101331937,0.25559250959415847,0.26991651679299644,43.004190057275395,0.9924286006307823,0.055934832083432154,0.3080856351628143
166,7781.25,data,0.3452451233246611,0.3816355026406678,0.37926812312328445,42.38568564851526,0.9956261240998471,0.057283310267191086,0.3981944243784079
167,7828.125,data,0.2802189575450008,0.2747412683430098,0.2616513557603593,42.39114934344301,0.9896242184780671,0.04498442705888004,0.2502894043961281
168,7875.0,data,0.3282162240158436,0.43255954994000645,0.3824783650840814,46.50417501252907,0.9959457876051517,0.020987672901801806,0.9807826925113455
169,7921.875,data,0.3401152004824613,0.33985382797154495,0.37257516006505415,46.761540175002814,0.993138469799449,0.0328417331930467,0.37482169402593263
170,7968.75,data,0.21324725915150816,0.27101791780537654,0.24984753543478588,39.58488582835738,0.9898449005474397,0.031858397238202954,0.8646086935359768
171,8015.625,data,0.2620485063471135,0.22665541803782424,0.24117644118426448,43.29302122947995,0.9936226888218244,0.022250897292777575,0.5162966832502726
172,8062.5,pilot,0.2724776364900274,0.31664506611730425,0.31924827735286454,44.361851412781235,0.9934599071065214,0.02315622004994049,0.6325352130447626
173,8109.375,data,0.3284085819806477,0.30633398725316696,0.2950567968761981,42.46706377335853,0.9929098669653018,0.027689072263698038,0.38537901005357966
174,8156.25,data,0.5211423897234262,0.5069299418875519,0.5542566863561077,45.4295938834285,0.9943889462337167,0.03198410882876739,0.3240424147592323
175,8203.125,data,0.39448606087646315,0.5371022909099825,0.5030984979335835,49.02276929905891,0.9952803529877225,0.026129178825106115,1.153264934365519
176,8250.0,data,0.545609702591242,0.46559999596443674,0.4773739575140839,48.08135106583969,0.9941285646529323,0.029453682264064286,0.6046962941523222
177,8296.875,data,0.4017330285306989,0.48742350643425403,0.502584070122493,44.1339538381837,0.9916436265550725,0.045570542614014754,0.8612500916149698
178,8343.75,data,0.5317211348427165,0.5732386230746397,0.5323922346424873,48.914507148706534,0.993194394448903,0.03599487639883133,0.30529195533785053
179,8390.625,data,0.3140861289266001,0.32643691764773186,0.35432212035284183,39.02420297231551,0.9938618652335934,0.033072691601255734,0.43656942418375366
180,8437.5,pilot,0.5132935711506914,0.6317340472315998,0.6206638278168521,46.89030324403024,0.9926322033912475,0.01728228423872141,0.8163332972416624
181,8484.375,data,0.4899489730105382,0.5606962934993622,0.5592956466388621,46.068688337137544,0.9932780083435346,0.01615606029143138,0.5472189478785899
182,8531.25,data,0.4554030713056928,0.5516083409525855,0.5813379211447511,50.10954330819932,0.9925469558006693,0.03268739754802864,0.9114266599130565
183,8578.125,data,0.5222834493113007,0.6223316829860345,0.5327318022292404,52.221574450740604,0.9934079014635474,0.03981450380380526,0.6807067084909525
184,8625.0,data,0.495072116155307,0.5716868012694032,0.5179235520481924,46.44562448853114,0.9932935573546133,0.05587268050377065,0.5219101467053138
185,8671.875,data,0.6155074826767676,0.5961525579168309,0.6272518397120552,46.259000810421725,0.9887825761953797,0.02799068655810724,0.18228781665667207
186,8718.75,data,0.7421874023256683,0.7471510694173493,0.726759176602155,47.16504321414651,0.9904159485536057,0.056023910422820684,0.1024239811362921
187,8765.625,data,0.7114231908315277,0.6915052228373344,0.6874384450437117,47.97216216776807,0.9922031320454967,0.02760899814675183,0.1300412176643185
188,8812.5,pilot,0.5670517550421494,0.5754246681930932,0.583865327315322,47.551427827396715,0.9932628992142278,0.04316816541629642,0.10361349217981436
189,8859.375,data,0.5232323167573014,0.48694475874963006,0.5622365011335057,46.94520677511517,0.9899446641852176,0.06121983288346009,0.5098150905807852
190,8906.25,data,0.5627657737950036,0.4358372109764582,0.49057377439787964,45.64736117259468,0.9921195294140569,0.036959197896899415,0.9071713899937054
191,8953.125,data,0.6733456212529406,0.632104265778343,0.6255824483569814,51.63805825328693,0.9921164506473837,0.04460550748878734,0.28243212111910615
192,9000.0,data,0.7962300611132256,0.7088902017585395,0.7038415931495647,52.86675179916969,0.9933864641754724,0.048467118236817416,0.4910247678684401
193,9046.875,data,0.580387767479287,0.5232985749470992,0.6257812873433468,49.627943208026,0.985981034977731,0.035721929682809385,0.6368273649414856
194,9093.75,data,0.7989607591165894,0.7319994203540812,0.7697549981719228,49.89177286460993,0.9914098653304337,0.024443752714812046,0.3115370820643895
195,9140.625,data,0.707236750714533,0.6005477056045352,0.624812695378935,52.61244120328888,0.9939254953261638,0.018606969579128534,0.6049951273707053
196,9187.5,pilot,0.6982779486604765,0.6206063571134735,0.6462003756034453,53.25724227838461,0.9909456243471191,0.018272399873534753,0.424985655030348
197,9234.375,data,0.7281502159428566,0.6119047483527613,0.637859668193873,53.56427127937327,0.9924255816415589,0.029070867287810876,0.644191940409995
198,9281.25,data,0.7029914530721106,0.6077195161001389,0.6695204014108638,52.913556684928544,0.9914678119190262,0.048559635389036244,0.5257003193787864
199,9328.125,data,0.6925084919751916,0.6109461310355195,0.6580682037233061,49.992570511917826,0.9937767191444417,0.04226052022935026,0.446905689436587
200,9375.0,data,0.764590905239234,0.6676945888594727,0.6567158460583133,53.060168825851974,0.991423205328311,0.04343936681787576,0.5917257410354084
201,9421.875,data,0.8930603759936817,0.7307025203996111,0.8190813824275298,54.91224584746436,0.9927610961507067,0.026635118571455896,0.7137543437319329
202,9468.75,data,0.7670572905992468,0.6864021235240831,0.6372256183137484,50.690107603104764,0.9931094134198796,0.02224714233406052,0.6618542278873031
203,9515.625,data,0.8841064636004801,0.8433720546830494,0.8885577319183378,52.97379124468535,0.992763004963581,0.02449376047104946,0.20419758917279188
204,9562.5,pilot,0.9198798056097106,0.9848775589833966,0.9607000609040623,49.41893409149444,0.9921729032508699,0.013957991297200266,0.24506571444572792
205,9609.375,data,0.8095529275785551,0.7906601787992817,0.8626317096059012,52.09211767112846,0.9921730264275995,0.018174761538940955,0.3195390892377185
206,9656.25,data,0.9251230169265702,0.9865599686397879,0.934996368633197,54.65154859784943,0.9929335575066994,0.03189395085087721,0.24445207631903587
207,9703.125,data,0.6720563908728647,0.6915675071926393,0.6190291570409825,45.64411224086132,0.9942139466155417,0.05854459500229295,0.40794611223081817
208,9750.0,data,0.8416292560707699,0.8504796005871145,0.8379912498505804,51.36799556645697,0.9911992897189381,0.020904014792338714,0.05393499425649253
209,9796.875,data,0.8634777000187854,0.8067210116536576,0.8140952101520632,54.86066912208517,0.9908731122580751,0.025337736257454953,0.2617576016415565
210,9843.75,data,0.8913372067167358,0.7265587755532745,0.7018220592992348,52.99519471157792,0.9910308297638293,0.02319508474987328,0.9161322870402199
211,9890.625,data,0.8968579712018073,0.836328219837448,0.8236734956102418,54.66724464306948,0.9908808127135418,0.050017310328420835,0.3219011578379797
212,9937.5,pilot,0.9034497034525331,0.81578339965908,0.8358323242759136,50.02394559322661,0.9913611542157915,0.05797237619414302,0.3781631999971858
213,9984.375,data,0.7653629518119722,0.6920686496848564,0.6575107218053186,47.90548733558991,0.9908866003306146,0.01615917735850703,0.5480273217349992
214,10031.25,data,0.8086906623788501,0.7589246476202135,0.7136025558813937,51.853652149919796,0.9892707320622954,0.046077177072299844,0.44358792901514343
215,10078.125,data,0.8674317497006909,0.764823807340285,0.70738632531761,54.78453531613354,0.9888606311436532,0.028766480013907858,0.7298385301919812
216,10125.0,data,0.9755164626861135,0.7487984169952826,0.6604647039572354,46.879425254552444,0.9881530797313511,0.03982830120570178,1.411984225274977
217,10171.875,data,1.0233852255748639,0.7729876617126271,0.7601452136811835,55.601702522556195,0.9919276215289563,0.05239094808959544,1.1847589353527257
218,10218.75,data,0.7548457082121784,0.6422799666443302,0.6082612105238498,50.587536998635976,0.9892753557616449,0.037287202538835544,0.7963745757059708
219,10265.625,data,0.7205945649957227,0.6378881249653229,0.6225993269231102,48.284065133365594,0.9924746780816097,0.027135619166439175,0.5555513620717409
220,10312.5,pilot,0.7843701038922404,0.7390839289231399,0.7076279899036048,48.87757565856313,0.9916958554041958,0.025395280134457143,0.3665670431994214
221,10359.375,data,0.6706939071274653,0.6672156730105581,0.6969490487084048,47.40097432157458,0.9907266873678804,0.03787554087983644,0.1688834799457379
222,10406.25,data,0.4440889096006656,0.39824043401187226,0.35407007396652024,39.38767412687666,0.9858529000668866,0.05111942202548308,0.8034676835843738
223,10453.125,data,0.7783781468942321,0.40348689443476093,0.397647947861812,41.511496517665734,0.9930351183629721,0.057409414775859646,2.720745412706897
224,10500.0,data,0.7054066513064094,0.4717956091572612,0.5421178222213145,47.40161150757601,0.9876649718322136,0.06494265579618483,1.4488454480090065
225,10546.875,data,0.5663340153505569,0.4261235556901638,0.3695098053926788,44.11969328960619,0.9847155558510389,0.08584970672170211,1.5417837112014128
226,10593.75,data,0.7512042777938599,0.8547801489613557,0.8188630800230174,46.42003318960616,0.9890485010229056,0.037120743627042985,0.46652926272102935
227,10640.625,data,0.6252935529335399,0.787320035517076,0.7255973893301624,47.008790125082186,0.9894802649506772,0.028536588115744842,0.8285262318779031
228,10687.5,pilot,0.5761299437734039,0.5260770255763897,0.47344207124633914,39.95917246687576,0.9899007426370947,0.03163527861412361,0.6967282656472841
229,10734.375,data,0.5482537935214895,0.7143752860802527,0.6234733600976898,48.700263026340224,0.9892035135238022,0.018285658947998357,0.938646928080314
230,10781.25,data,0.5281459678162239,0.6473207272306831,0.6944218151979578,45.934751181867085,0.9824293856935804,0.01911422354748241,1.0081641211621204
231,10828.125,data,0.4707383969645107,0.3338526235883483,0.22565501095660845,37.69068790225391,0.9848635071287041,0.043655585911944336,2.6092145402569757
232,10875.0,data,0.9636300942673619,0.7899749520586672,0.8057110264124929,45.71072103037793,0.9909254394962415,0.02150228827485568,0.7763925073627527
233,10921.875,data,0.3716504022321052,0.2583812778854647,0.16177970252535723,31.556436011158997,0.9806278137812128,0.058186654627605756,2.957048688059472
234,10968.75,data,0.42948631243913993,0.27361249456782977,0.375463640309278,41.14447931240926,0.9869857850574981,0.06202345888614911,1.6416634506681227
235,11015.625,data,0.5613902051444137,0.4474138727738901,0.5446453826281278,48.92633732045138,0.9876276027362074,0.027784096975995636,0.8738171943919523
236,11062.5,pilot,0.4730094640847117,0.4610861507513012,0.46693321680500416,49.30081439418133,0.9885561700602656,0.01929909254042499,0.09053360689266027
237,11109.375,data,0.4640182144095093,0.3759832288050196,0.4110598146935111,49.27977304936718,0.9869814353624755,0.033026179479478876,0.7488742737333343
238,11156.25,data,0.6029610259938762,0.4991834536287789,0.4885002515517196,46.448049850861224,0.9854978801979664,0.04038631538966126,0.8212583836307483
239,11203.125,data,0.40464584084490485,0.5104956250442674,0.4037941348240515,43.65568291597552,0.9848808280123391,0.03532625174698771,0.9557969748812999
240,11250.0,pilot,0.3088827366596318,0.33899329022792823,0.2301666526465058,44.5127500561224,0.9890666944665537,0.04238905144063719,1.4333537776738274
241,11296.875,zero,0.47245126809065885,0.40232610097919286,0.36156741450643975,46.67209515592422,0.9795178643621227,0.06811118801354524,0.95489283791765
242,11343.75,zero,0.24607117411430407,0.18322957003093773,0.2130485719726477,33.607119767135515,0.9453854009963235,0.07337444041239466,1.0457372277365247
243,11390.625,zero,0.25384777506347467,0.13643309186959585,0.14256136973410055,32.627757403102244,0.9774982240236522,0.0641265146322176,2.457309197233083
244,11437.5,zero,0.2677942370890792,0.2593535110114397,0.26089914429741734,35.722929185572326,0.9899394966340483,0.044688936911715646,0.12082284048111945
245,11484.375,zero,0.183026712936103,0.17154935216359385,0.25934913635422163,38.323613439271185,0.984621287024784,0.07871740704123072,1.5765324601777262
246,11531.25,zero,0.4641445320442974,0.29527282216135536,0.22177783859762235,42.54591537971515,0.9778475591297907,0.08803779285452472,2.6407698022922195
247,11578.125,zero,0.36181472816705074,0.0951935367878401,0.0905976073647521,32.730393156347844,0.9279474667758216,0.2964091640689534,5.571221852533792
248,11625.0,zero,0.38144248886643495,0.17370613722209327,0.10161889777677849,36.00719679889573,0.9861174964213472,0.40598445809540024,4.718346775062922
249,11671.875,zero,0.7336306312162286,0.4853446318463419,0.33035073140464644,42.68208945947636,0.9884311480745627,0.02417953148336418,2.8297776428454875
250,11718.75,zero,0.38608121584476085,0.23413760474803982,0.2176692549219914,41.51477184552085,0.9834239846426888,0.07117836694925023,2.2123329821812043
251,11765.625,zero,0.2696225542022008,0.30571463064902993,0.278099868215007,37.64358160111459,0.9829477928533177,0.07374294847095682,0.4641853014325
252,11812.5,zero,0.37818468940955585,0.35352474539344114,0.3150446677493659,42.67726681270915,0.9842669744756783,0.021064285390535942,0.6550951301105338
253,11859.375,zero,0.35504226903072295,0.26342741571793005,0.2856828846192344,45.973293344013115,0.9883991150121247,0.033813000678123255,1.094478260177703
254,11906.25,zero,0.5418993188162428,0.5671956809060417,0.5160090372852647,43.276968155308005,0.9877994103982284,0.024774442352036394,0.3354502880557122
255,11953.125,zero,0.49532687056626956,0.3066920536723713,0.20855891432225301,45.13889823780058,0.9884622776498218,0.03606908031694457,3.0732759347526026
256,12000.0,zero,0.26584821893736155,0.2966115295749877,0.25131507373211587,41.43574968361825,0.9695986469668161,0.07322282283525126,0.597666546922578
257,12046.875,zero,0.33983210284038146,0.23282436737989928,0.2407618127643085,37.612967578560216,0.984866398133307,0.10041326793897261,1.484566045448801
258,12093.75,zero,0.2216422568795709,0.16810337653752402,0.15650998357188065,33.3934382353684,0.9848433427609129,0.05742693395949093,1.3032574281547773
259,12140.625,zero,0.14852123390032193,0.12435362429259436,0.16202439201730118,30.60736913988213,0.9863897730287685,0.12201720972715496,0.956482721234805
260,12187.5,zero,0.2892144339705833,0.10670225948439364,0.13619376823367552,30.365443462805445,0.9844786887744724,0.12173508847190964,3.6862006624942376
261,12234.375,zero,0.5251493658488856,0.14947235873386205,0.21113144382868404,35.30300454039225,0.9860776311470545,0.09383374042946938,4.603922190428238
262,12281.25,zero,0.33928159358297283,0.13698941417737626,0.2546544380164034,39.02252986383188,0.9704614531243309,0.24196592855335408,3.2874631623500083
263,12328.125,zero,0.24348305767912676,0.3088573018693177,0.35145177917618686,40.253184551901946,0.9793708158876062,0.09036356836740352,1.3203390196526077
264,12375.0,zero,0.3577701656108273,0.1834285584521999,0.2598938502923506,40.11041154050022,0.9832934610354948,0.090181183531699,2.3696952651832395
265,12421.875,zero,0.30301084731526456,0.38376055944378284,0.3499005333600482,42.83269556074486,0.9813702671439503,0.06041883912980824,0.8443545774750464
266,12468.75,zero,0.4334302499834318,0.29653494382333956,0.3300138142923026,43.39122669780282,0.985669204124066,0.024534683154434134,1.387996386325305
267,12515.625,zero,0.1298298217605363,0.06397823008130434,0.09000173109807627,28.84155000066881,0.9647177812074857,0.07144023711026269,2.5099653584131976
268,12562.5,zero,0.2525746115207801,0.3081413106485049,0.2807234799853503,36.09141183067,0.9806017782258342,0.024619089961078467,0.7055907232548712
269,12609.375,zero,0.14488041768398158,0.20841390935840282,0.20044340509274688,31.775323320507756,0.9778843641029056,0.060722112988199906,1.4157922262719616
270,12656.25,zero,0.42646633845249143,0.20383399570138303,0.24446861093502464,39.47867024938517,0.9870483816570145,0.03553648228524826,2.72781948924641
271,12703.125,zero,0.11788910615328195,0.26864930056225045,0.12586253279603288,32.08484606014239,0.9635437610162103,0.14931061743392238,3.2468594502823693
272,12750.0,zero,0.518895244556902,0.3335989747396767,0.5026951781897336,36.534700685717354,0.9764538084036404,0.026870615225398554,1.7475134747211774
273,12796.875,zero,0.5503449203461457,0.49297987798721077,0.5120228491781107,40.72276324249751,0.9863127295283277,0.04633545504567487,0.39658968444105536
274,12843.75,zero,0.13061447603158516,0.07193855530502502,0.07618538472323502,28.867230749215476,0.9546974354411404,0.44770368898325663,2.3336080709184097
275,12890.625,zero,0.45100432561073633,0.41777724162087004,0.3858011692871899,40.015701599796955,0.9832843346334921,0.08584960189124685,0.5537611709635668
276,12937.5,zero,0.25878123012330934,0.19717965900054918,0.18198565962016386,31.929903788147417,0.9811694267248393,0.11145413441300413,1.3086129072812267
277,12984.375,zero,0.5429246220564166,0.33607676209071274,0.38885827188460675,34.08907243891233,0.9860045519453997,0.04282265335012577,1.7437238932236512
278,13031.25,zero,0.411666631711649,0.27149725178852535,0.32216804409783456,42.108146770054645,0.9792826417976654,0.05540098245521353,1.483822763916594
279,13078.125,zero,0.697006437836321,0.4435300229529744,0.3760528268822064,46.51931953889328,0.9818920305068601,0.03521208813387827,2.265625372739242
280,13125.0,zero,0.7937436578391038,0.6315504511041832,0.8219713631408285,41.57326775266746,0.9835922046275922,0.034403939962374036,1.0150815561105464
281,13171.875,zero,0.7268650748793942,0.7508158961498754,0.7967581994639633,42.708650956574516,0.9793851159704866,0.026393806626241693,0.3302090388764084
282,13218.75,zero,0.6523106795927001,0.6398992726679933,0.5291557861393271,39.48634646710556,0.9815910574838164,0.0173574755565343,0.8202442192368177
283,13265.625,zero,0.4315325706479482,0.11878491916887327,0.09287158575423696,31.401626881619954,0.983500000307421,0.16592459761196643,5.851377840391706
284,13312.5,zero,0.23973791189365828,0.2343042799582289,0.3297658216172007,35.739421058759156,0.9828079602485845,0.05739037267796653,1.3548739949155988
285,13359.375,zero,0.14663504540839678,0.1046492391032183,0.38241290031657477,27.652880077940956,0.961193646521753,0.26050778514553524,4.767966852213279
286,13406.25,zero,0.5068227776624779,0.41460224127087486,0.5202766976542115,40.63539162671492,0.9845770202841879,0.0585233445406418,0.8809104538866109
287,13453.125,zero,0.9973044589804465,0.8048124178659022,0.8910205757803131,42.290193099679655,0.9837940844126343,0.0346928007284225,0.7607576950862196
288,13500.0,zero,0.7686452275588735,0.8769795948036732,0.9482815247719525,44.92888044991063,0.977415142206201,0.019482248270488143,0.752804501496273
289,13546.875,zero,0.510751447244186,0.421159438589027,0.5754931864942641,41.925306957208576,0.9781066477149089,0.11388512714679816,1.1173042555832235
290,13593.75,zero,0.6682656961824056,0.632099501179052,0.6422420206715678,44.94334259280018,0.9757405483419465,0.025899927541850193,0.2032247525658089
291,13640.625,zero,0.41709636112320614,0.17325921387409818,0.17825174006868233,28.368958870405482,0.962438189488912,0.11363248368480916,3.540468315388651
292,13687.5,zero,0.46875441501835435,0.498363230703823,0.5602418449252965,41.659126912365466,0.9831298480094218,0.029852849932550576,0.6424490603357137
293,13734.375,zero,0.48489962770893297,0.29688867363493954,0.47917300495752957,42.561574368729104,0.9726040079511168,0.04283623904685701,1.9848571328811258
294,13781.25,zero,0.4495842733560145,0.3642992670157474,0.5319543657897563,44.13191467144081,0.9791978294314484,0.09828315391886883,1.345217452248197
295,13828.125,zero,0.6778313033213648,0.5014856903099904,0.44373542506618524,46.06692573997776,0.977449306450208,0.05937933972282817,1.5463721150846814
296,13875.0,zero,0.7908656006245005,0.6217279892055347,0.9025481547455014,43.946542698921036,0.9818703142619037,0.09834554107097744,1.340209958972721
297,13921.875,zero,0.4098480642415842,0.5140359424107712,0.6288497990023673,40.242060275403546,0.976604467671709,0.07326154752034121,1.5189196080509029
298,13968.75,zero,0.7518429043213697,0.48015038388304854,0.5266337521111042,48.473446423307315,0.9788265004808341,0.03415030305323063,1.6792177909507486
299,14015.625,zero,0.7706923668145125,0.7492212402987285,0.7479000591829106,40.99505390393354,0.9781259521340415,0.03363994489367864,0.1194692995945516
300,14062.5,zero,0.6222554526503372,0.5218284097971781,0.3809538670808032,34.12172674136718,0.9786252646044019,0.02085768949904864,1.7629262126898892
301,14109.375,zero,0.040916782944406836,0.33670555883808484,0.39218381632142996,15.688739366116536,0.6818869687021247,0.6548973120653947,8.95858734789938
302,14156.25,zero,0.33594152512107933,0.29119791385778304,0.21113190537517895,32.46583501512485,0.968502224708421,0.18202709341052245,1.6870483761442292
303,14203.125,zero,0.9719432774504602,0.8300030404537397,0.5712729352055808,39.35432563203535,0.9819597645928017,0.04128242617677748,1.9354994099845702
304,14250.0,zero,0.7229853505038546,0.50329373732044,0.4051220701422945,35.314064806585534,0.9832796868618798,0.059789815581471964,2.0752545254454655
305,14296.875,zero,1.5569355269342864,1.204880305047335,1.1274945965504888,42.40270442306858,0.9765273767383105,0.02898604137526083,1.208645242328263
306,14343.75,zero,0.5251614620648424,0.481035922358529,0.22756054564699463,32.71430291180715,0.9611364148377847,0.15411956035948307,3.2594572651639657
307,14390.625,zero,0.07909464427555757,0.11968777677581961,0.09558534501236432,28.60918513750089,0.9416623100692634,0.1886189053374739,1.470695739976506
308,14437.5,zero,0.09409057132622048,0.17507779227734677,0.1478859479534469,30.026393038364127,0.964312033552973,0.28886926186491274,2.277121909585024
309,14484.375,zero,0.403302470221071,0.25762162655957277,0.3633215496444457,37.864147581188924,0.9832416313111725,0.06594539312046033,1.6631547505156503
310,14531.25,zero,0.27966520983593757,0.2799596887642106,0.38347748329702724,40.075834230618916,0.9658590049411312,0.08426079940206767,1.2904554312120424
311,14578.125,zero,0.8307323196573764,0.7177588631054761,0.8096212368993798,39.7427808625614,0.9736264954538545,0.0390275129502959,0.5533994416074982
312,14625.0,zero,0.7592412720682995,0.8591596347475252,0.6675040812848577,42.85410208984874,0.9796743550185543,0.07333931473641299,0.8951048890448908
313,14671.875,zero,0.969888662502584,0.04922672060878717,0.6583065972882107,24.075107346476493,0.928061953899468,0.54452429970327,11.49395060260443
314,14718.75,zero,0.31905652036830545,0.750627385125203,0.43829191094768005,36.4071326274606,0.9553747973031772,0.0759123570383361,3.067153152517078
315,14765.625,pilot,0.7038640417004406,0.7845466658409064,0.949026104202284,42.33181224230084,0.9793120457581648,0.020595110729402167,1.0728796718835747
316,14812.5,data,0.4752888857476941,0.39526906995058836,0.41750167179608577,34.19947597256744,0.9736713255898654,0.07123232637399365,0.6714758890277486
317,14859.375,data,1.3016680393072266,1.2117695064710485,1.3553563508426159,39.23486231030057,0.9807121048545641,0.027584849218111225,0.402178062202284
318,14906.25,data,1.536525808712747,1.137677320790652,1.1410229175138369,46.78733536623798,0.9856518235087862,0.03993202722747733,1.2245941185379612
319,14953.125,data,1.0671688700583957,0.861488393151103,0.8132684630354542,45.01710493689905,0.9785317204358869,0.06576417091831745,1.0153392874032823
320,15000.0,data,2.1450986824243925,2.1986104439713015,1.725521222278931,46.33868654747608,0.9807213826361366,0.020220113533146525,0.9456987537612004
321,15046.875,data,1.6059480354599682,1.6371843153578964,1.474506122904188,44.773962929964824,0.9807314308706284,0.019050209445900624,0.39502881879606466
322,15093.75,data,0.836560254123457,0.794062706905385,0.8989785137916184,42.522367802578096,0.9693377022555899,0.03701789905490973,0.4419145590965812
323,15140.625,pilot,1.1394340783978185,1.2989280519025104,1.1760802629944962,46.833304371555464,0.9780231668637508,0.0134682651183062,0.48478654297996554
324,15187.5,data,1.195442945379212,1.3173205692542262,1.1994956378610877,48.544685797849155,0.9790706395150868,0.010453444124900985,0.390768522380726
325,15234.375,data,1.508703863151864,1.4690325567892146,1.3975491185766855,50.75136894380659,0.9764902928535519,0.018318105029195175,0.27551658515239696
326,15281.25,data,1.684902909430673,1.5740281266491998,1.587357228748354,57.806346934564665,0.9774101580238478,0.04638523620108699,0.263157517536514
327,15328.125,data,1.6811925878579097,1.364154690663225,1.348410036797153,49.79328231632677,0.9725864847413676,0.017008972201562132,0.880364940642242
328,15375.0,data,1.5593943815321962,1.4968200076407863,1.72591757262796,47.25437139438369,0.9810497064136355,0.013338893099854122,0.5199777726735305
329,15421.875,data,2.6438765198731664,2.595958162165508,2.5366486761561653,48.99601559160398,0.9795147430733544,0.006404655622564218,0.1471444363575059
330,15468.75,data,2.108806128281228,1.8593448301670865,1.7653280275270826,48.88562005370847,0.9793493728497698,0.010924058158041547,0.6483799723284102
331,15515.625,pilot,1.2945126242387266,1.4387565331087817,1.5541045390662958,50.024723624610004,0.97949238266155,0.012717625589557332,0.6507112598531106
332,15562.5,data,1.5519500881968056,1.4411258201662849,1.3004700534362073,46.65050670169126,0.9789988417325304,0.009876004932247547,0.6296154475331539
333,15609.375,data,0.8569541205825195,0.8818520351167236,0.8872847130145252,42.750952849394714,0.9744893541924163,0.020270989836687875,0.13165542502627164
334,15656.25,data,0.9968886590322221,0.9454950300120879,0.8990040918374016,51.56170251533478,0.9809354702225616,0.029455920000886707,0.3665203908331845
335,15703.125,data,0.8884658070125218,1.0130582937254249,0.8431105258954196,47.1365820058465,0.9754509441158414,0.029022958210746592,0.6708594618520333
336,15750.0,data,0.8076700965965093,0.7822371847655285,0.9512081878271674,45.312129882130336,0.9786063416725547,0.02698334713693712,0.7439924325354678
337,15796.875,data,1.2379670738081519,1.375409050559036,0.9563928907802663,51.50886466778127,0.9739281495431471,0.050312950336608646,1.3258172711539338
338,15843.75,data,1.2374337064703576,1.308806663219599,1.5224137504028121,51.574776475134826,0.9720574186173498,0.01936428266141942,0.7602894153913384
339,15890.625,pilot,1.2767742206875576,1.4761328628051564,1.3699416265946998,45.675545147916054,0.9743371068124885,0.02314629116028719,0.5145582160616526
340,15937.5,data,1.1242086881157707,1.355305908983537,1.362563583563738,46.9888593846262,0.9749391057105117,0.016113717480254627,0.7766352904851531
341,15984.375,data,1.562212515216469,1.4437530213018905,1.503048479172897,53.93881675548724,0.9734079265869382,0.022496876393498472,0.27964746841108434
342,16031.25,data,1.2676580793976828,1.2642965046625068,1.1668342542077927,46.645040983040566,0.9769795396507751,0.011715306302422897,0.3340414019702014
343,16078.125,data,1.7317032166515394,1.6543169103107669,1.8398537738853662,51.43866466379044,0.9730193439646414,0.01998699200318245,0.37815865995269166
344,16125.0,data,1.7602007986957535,1.7275852018296853,1.5153071616676814,54.140288683328535,0.9715928464275023,0.011190342425775664,0.5789265730974182
345,16171.875,data,1.6101577921228551,1.7351876193991669,1.6619175485174802,53.797451966487245,0.9715437484082419,0.02993337979251859,0.2662255191112224
346,16218.75,data,1.3660384477580572,1.6074688110382886,1.336205999894987,53.42313076229658,0.9739873002982002,0.0488547629762337,0.7158740894090003
347,16265.625,pilot,1.4574769948671051,1.5061892655163487,1.4217374322266587,58.444730141153656,0.9723249050232589,0.020810650720124765,0.2052777039004306
348,16312.5,data,1.3457295873185362,1.2904443167100752,1.2275251460192447,52.354717007751745,0.9721817128243608,0.01834727692825483,0.32642082995050575
349,16359.375,data,1.3929438313790246,1.4494911225908196,1.43109975034705,53.64093455646342,0.9740741159405106,0.016671672527452178,0.14409272240290774
350,16406.25,data,0.9436210459451575,1.1752138134424057,1.1296874015597234,48.399580498391444,0.971361711695592,0.040435903557794715,0.8297059855930882
351,16453.125,data,0.8658066095614609,1.1661333662990732,1.1000915011034307,51.69599656162282,0.9702465813117616,0.030932522580511858,1.119211538366466
352,16500.0,data,0.8572122294345794,1.1108862972334195,1.1219942719066636,52.02624287422261,0.9721370542090473,0.015414140757014604,1.0823709139751656
353,16546.875,data,0.8500526489762357,1.0164400061790189,0.9348357287611699,48.40477576360729,0.9768117049663655,0.021145684386451803,0.6343228084121002
354,16593.75,data,1.147310735089845,1.0772263256325942,1.1868286493942661,52.29650362738829,0.9761463706444546,0.010655253206581268,0.3487407159625117
355,16640.625,pilot,1.2122383678944442,1.1982647630866223,1.1436315880398058,51.012500492060425,0.9766514297234528,0.008901682215858145,0.21871095476471214
356,16687.5,data,0.9835915530231859,0.9232565214556174,0.9437223919458183,48.21776244490088,0.9753736470496873,0.017764648529083774,0.22798035981015785
357,16734.375,data,0.8294997692348995,0.8309521513221538,0.7151753330341365,50.40978309381224,0.9706201645960199,0.027810760020062567,0.6108172910504335
358,16781.25,data,0.9098042526990124,0.8278704343877799,0.8197127566972168,53.27874960725615,0.9768265384788869,0.0183911947837894,0.40820259273953036
359,16828.125,data,0.4579348861710373,0.4176254505571495,0.2548374045671944,38.31808273093317,0.9544978427811074,0.08688297843575155,2.2352001249949005
360,16875.0,data,0.7748057881889772,0.663293609752521,0.7056893647941749,45.93054486732419,0.9787422941580349,0.044539955165047204,0.5547855158652887
361,16921.875,data,0.49000566264821965,0.5025415857904578,0.4814816534430988,47.16920524381001,0.9743402568270405,0.043709478401072074,0.15262417021528368
362,16968.75,data,0.4352587163968904,0.5445387256589551,0.42004637836220116,43.42910878944682,0.9760648228587528,0.04174753775853854,0.998014846506592
363,17015.625,pilot,0.5733385303081511,0.6307647045935909,0.6496316537388609,45.80317757764995,0.9687172166765151,0.031954508430049454,0.46313783311328766
364,17062.5,data,0.5127410320626375,0.5612527369250759,0.4458752085505626,48.416471154379096,0.9723907514066648,0.013055947962951375,0.8222746172060127
365,17109.375,data,0.6158123068101724,0.4979043012905428,0.48208818324173375,48.36300392181939,0.9712760090540816,0.036916327260479775,0.9432952612929109
366,17156.25,data,0.6315001001807202,0.5714923967355567,0.6113725098814349,51.776368644189304,0.9700724357837627,0.023688010236133664,0.3612610833652377
367,17203.125,data,0.7007525427569126,0.5834275108215474,0.6256338420355443,52.57017961732338,0.9702950084649388,0.02073566672407826,0.6558370214780396
368,17250.0,data,0.6403215143870282,0.5882411165274599,0.61450168927933,50.82787611546105,0.9681919339358528,0.029582995543950056,0.3008636204615814
369,17296.875,data,0.800671376818878,0.9342165922441159,0.8308329913260286,47.26904337611462,0.971684655628695,0.029829876515453543,0.5711687937568002
370,17343.75,data,0.3239143663929624,0.3711228635387285,0.3184521367117169,42.00778679265011,0.974748746231399,0.050798688047680327,0.594964732870111
371,17390.625,pilot,0.4467438427962297,0.4619821827258279,0.5056452146052466,44.78809340219807,0.9688249175824073,0.029034436910943637,0.45428943732461
372,17437.5,data,0.44539176054883106,0.5320767433916724,0.459997092252049,46.19717908522938,0.973326395177675,0.037700867158328995,0.6719068911212659
373,17484.375,data,0.35061314696825185,0.3403631612182096,0.2788049590219885,42.190299375097304,0.9705319562495922,0.07493706923341589,0.8838966538936123
374,17531.25,data,0.5986831858197759,0.610035226240554,0.5427326254804248,46.793889533671134,0.9727974170462511,0.035912999079507665,0.44520901034028837
375,17578.125,data,0.557903056664238,0.5847025588110043,0.5575365752505752,45.950174741617516,0.9740436031357265,0.025538276601322886,0.19346847715152724
376,17625.0,data,0.2718721955762178,0.22313374915915818,0.18948646553997844,41.856502685198045,0.9614108981310826,0.08364391526645595,1.2820601683495005
377,17671.875,data,0.3238149391699473,0.2982290481234869,0.34756658808085134,45.537402092376624,0.9578023825675384,0.07321917253368898,0.5433855124416138
378,17718.75,data,0.21666464813440384,0.2771369519298464,0.3426241970106958,41.49809707317403,0.9731592402270555,0.06144713340790026,1.6265664135381313
379,17765.625,pilot,0.3527002837949922,0.288196145219482,0.3102728672206007,46.202965644307916,0.9567594110795071,0.05625432934159328,0.7248051848435549
380,17812.5,data,0.3761472783975991,0.38611163775143564,0.3869061198599556,48.23005650417868,0.968804357484873,0.030527924631724518,0.11150242178358097
381,17859.375,data,0.4381749202878671,0.39076114738622375,0.4297327185182209,46.59974987811968,0.9601634086155763,0.029654850857494492,0.43459768933277004
382,17906.25,data,0.5915972345270084,0.5272925373092018,0.5097163498245458,52.11966431609569,0.9691674766297128,0.05424056858712153,0.5537747580056456
383,17953.125,data,0.6526284314962408,0.5896729559372609,0.626899454529081,52.016365020224775,0.9693739162613875,0.024093051687122113,0.36226507646542927
384,18000.0,data,0.378710306210128,0.36192769076978587,0.4101018587399987,44.75169221183079,0.9610120685205763,0.027408325941909912,0.44864397467885514
385,18046.875,data,0.5242862127990924,0.5890963850586938,0.5073916938414891,50.79349949941844,0.9666610987362504,0.0496742768716437,0.5565425849184076
386,18093.75,data,0.6659194341337625,0.6264943258382722,0.5853423081295221,50.70786956864037,0.968372461917081,0.038350976484507936,0.45755321419774525
387,18140.625,pilot,0.514688665824641,0.5488121799418545,0.5008064074164782,51.81256862036755,0.9672526600175877,0.022796245146830277,0.33324166528418336
388,18187.5,data,0.4764490240361657,0.49460978443230663,0.5067222776131433,50.58075833549805,0.9674093488434865,0.026826611450636723,0.22011078455311353
389,18234.375,data,0.3968794421424713,0.41144319390857653,0.43249874490880513,46.008167234642904,0.9688475446669812,0.04403694824690155,0.3060875397894162
390,18281.25,data,0.3772582254162089,0.350740376456306,0.3097327623878922,45.26105700430072,0.9610000146148773,0.03373491766899691,0.7072309681321336
391,18328.125,data,0.4863230238207832,0.3999300243136968,0.4097097658141513,50.54299223641817,0.9541702297026651,0.08479482688307692,0.7562366751897169
392,18375.0,data,0.5562686626703346,0.5384149600931434,0.5668832715782115,49.748947181300885,0.9712694462276356,0.03031006145459583,0.18485004249398143
393,18421.875,data,0.6710859106959872,0.5256014331717278,0.49519282444678225,49.00846969226411,0.9744884284266258,0.02130129817458409,1.142252654943069
394,18468.75,data,0.2768406226281179,0.24553212532307156,0.2830737786561388,40.49631613162419,0.9735105551477995,0.036327603377183514,0.5427634144077689
395,18515.625,pilot,0.5812174758193704,0.5420944189611361,0.5563298288727774,46.98406103677204,0.9691814056923609,0.013605760534229171,0.24978769884261023
396,18562.5,data,0.35980133844559814,0.30664383644057647,0.35271729083014813,43.404611065125096,0.9700109843511353,0.04538319233847393,0.6179044037543242
397,18609.375,data,0.358355683308553,0.39175839795490675,0.4176080895819523,46.824347624366865,0.9731651996440459,0.05444921746697221,0.5450509001785857
398,18656.25,data,0.4582557879686617,0.38617204792800863,0.3967740322868101,48.03592512206731,0.9721631645660407,0.027906358337207192,0.652421793858751
399,18703.125,data,0.161209533895756,0.1922624778032852,0.1913808968961734,37.142546223213266,0.9649269234982207,0.046020410265058445,0.7120623836613916
400,18750.0,pilot,0.39465376335564695,0.36473066178253244,0.3524584845325336,46.354945878667266,0.9690421356509259,0.049053384628660705,0.41124312226815274
401,18796.875,zero,0.16320464884479788,0.1577360162983567,0.15786050860257803,39.26170579102946,0.9700498519915974,0.10165700050272883,0.13796455707193597
402,18843.75,zero,0.2622091621824249,0.24445437379369184,0.29084548766770457,42.656503259311656,0.963596393221016,0.10025859806044554,0.6199785437539447
403,18890.625,zero,0.2946467834914651,0.2575109997433518,0.2742749243474764,45.28313709779712,0.9585351539990234,0.05576080772701787,0.4780215148685193
404,18937.5,zero,0.24299509268580463,0.17715844091904448,0.17414048543358385,41.52168368870018,0.9548199717545073,0.03747521174159968,1.3304426500187263
405,18984.375,zero,0.1707795474556031,0.16592872505114073,0.1473060960047208,42.89658640822438,0.9441650946758404,0.0464568958485732,0.555904462331049
406,19031.25,zero,0.12862583757385665,0.20433710067965266,0.15231432746282417,41.33098240927998,0.9489430393751945,0.05057639711529701,1.6610766949198268
407,19078.125,zero,0.054006656849479216,0.04029683364246785,0.029823410279010233,29.4670842091714,0.9365101658534902,0.27749844105363247,2.105728982078276
408,19125.0,zero,0.18279998495832167,0.15923371683377305,0.12505730885378363,41.338365202774554,0.9631219964265333,0.04622487093729129,1.3627349473861934
409,19171.875,zero,0.1716199537915782,0.13144028052079898,0.15486488952459265,40.729434796874585,0.9467123530678238,0.04518322352903482,0.9541058350223585
410,19218.75,zero,0.053755718487276616,0.1415995109486951,0.09164412709530245,30.89113420378206,0.9671341498681039,0.19102361813303168,3.4403872769815322
411,19265.625,zero,0.13608489920466604,0.14230413719930668,0.04536355119581596,31.136718901648646,0.9615162717168012,0.1771843438698647,4.5923921685167
412,19312.5,zero,0.20388753441911822,0.16249222625029136,0.13424573821185892,41.78889375301875,0.9716334799421783,0.0739672410807991,1.483690696696546
413,19359.375,zero,0.12997694712104657,0.14317949429282356,0.14383891018798406,40.291525365137716,0.9635886082252562,0.054330459707334564,0.40585079152509257
414,19406.25,zero,0.06661519679168858,0.033807401393829664,0.020762414752591676,22.298798059953203,0.6707043579117483,0.35290912399041263,4.152283622737852
415,19453.125,zero,0.17773531923542332,0.16521070270070728,0.1593445532428941,42.849413747339995,0.9583561840543996,0.09228269420340757,0.3946243673043357
416,19500.0,zero,0.1287909813295418,0.15220356861206935,0.13912301099054486,40.74680997285675,0.9416182605231485,0.11204055593785547,0.592851343343204
417,19546.875,zero,0.1329722935758229,0.20376236835128858,0.21846390957427125,42.83742243872307,0.9515458967212085,0.08622237254845137,1.9063186076026348
418,19593.75,zero,0.16609365022656009,0.14442529046627678,0.14827090019449934,42.724882348544156,0.9409988100722354,0.04271385862222534,0.5268831254122907
419,19640.625,zero,0.09803127065651313,0.10490342105937316,0.10156596988208973,37.02874026419474,0.9327217566513194,0.0628731584946584,0.24033757319191945
420,19687.5,zero,0.10980756443174705,0.08470512700685776,0.11123424318593908,38.0548979328191,0.9509538669355412,0.12840984515968926,1.090148045568634
421,19734.375,zero,0.09201862477234915,0.08703296331707042,0.09748596135657214,37.989203371854906,0.946671432768587,0.08070973871660439,0.40221352208060535
422,19781.25,zero,0.10390036734628845,0.08711683626278521,0.06876600270668978,37.2090242722033,0.9551257397793685,0.19809841921877244,1.4687229794810646
423,19828.125,zero,0.08021039818874937,0.09468549987204695,0.10790706439110738,36.88567792739474,0.9285008250166866,0.1499026690482461,1.054270017619377
424,19875.0,zero,0.10676255346283792,0.11734429242016733,0.05412248078074,33.330523939690714,0.8390990722693609,0.12159900694434933,2.993968108563845
425,19921.875,zero,0.08284066259703886,0.11785480954703415,0.052290787422329524,33.52650560040168,0.9588989608151391,0.1311788524643601,2.8899993998566433
426,19968.75,zero,0.18271695311060498,0.125753259090073,0.10480194065835391,40.42441158274778,0.9636159011839434,0.07224008762749652,2.009659375113515
427,20015.625,zero,0.16698276550335273,0.11948674496672512,0.08241379396803536,37.72499045702122,0.9615004594544908,0.07407506395358024,2.505095454293087
428,20062.5,zero,0.16874400323110367,0.16405695174495033,0.1430881583167391,41.42226757132114,0.9628055910991079,0.05805759566161258,0.6256388363176475
429,20109.375,zero,0.20154853939126383,0.2199736113873385,0.17869624855336416,45.039365002157226,0.9475951496297962,0.048775572661665746,0.7399955388127043
430,20156.25,zero,0.21984054125428995,0.18741731297885816,0.18273406984387192,43.80518166549197,0.9673220053715791,0.039966723711469136,0.7108433782970994
431,20203.125,zero,0.09159045277975975,0.13736485939657783,0.1423675180051959,36.90683340772827,0.9519471461054744,0.0878692748923425,1.7374541378749344
432,20250.0,zero,0.2248504255292626,0.24328421174308576,0.2517749097043679,46.29266727705115,0.9629090694934068,0.06442220708079475,0.4112657444025271
433,20296.875,zero,0.17509150748720514,0.10173573627130097,0.05749820352886237,33.436113486572516,0.9523061627869556,0.15384966486255935,3.94907274899317
434,20343.75,zero,0.2154678341776677,0.2447238762636164,0.2247118538797618,44.99378196859264,0.957229961369692,0.06219480586735546,0.46009519927225134
435,20390.625,zero,0.2369996202192241,0.2196388136293255,0.20195755939718463,45.4989139457587,0.9529330166946294,0.03658217133401791,0.5675910901427301
436,20437.5,zero,0.15362524789682347,0.16255320415539015,0.14280996358736783,41.06953307764934,0.9522254440525136,0.028575551326260443,0.46041610887744994
437,20484.375,zero,0.21201956054507096,0.208632457934519,0.21189539552546707,44.91834501470105,0.9638187983340685,0.01993268408867637,0.06477460101979429
438,20531.25,zero,0.17614463805898828,0.17704391156537963,0.16583759497793193,44.17001872339283,0.9589994816043212,0.043203284322490626,0.2579463518400879
439,20578.125,zero,0.1579997396379059,0.18949516193214405,0.1933676736131681,41.882120431940706,0.9695709472260702,0.0729309948401987,0.7889544262920507
440,20625.0,zero,0.20035919284317985,0.22874062374654502,0.2247850541546958,45.183852332780184,0.9614677229677385,0.06939595760613772,0.5104845504389501
441,20671.875,zero,0.15981062872491963,0.17754592888398502,0.14864840109411587,42.6322078970681,0.9613216657035482,0.05606016651430119,0.6335074374123153
442,20718.75,zero,0.10775667158645011,0.1116130283818502,0.10423772717335755,39.73895029908983,0.9529851450382469,0.07248352460509454,0.24245072627261066
443,20765.625,zero,0.15497487997506054,0.14165762721880454,0.1257407297740888,42.875129031478565,0.9591238759037852,0.04704456060752432,0.7436890697990451
444,20812.5,zero,0.11006690202246514,0.09784358001994625,0.0977808300397704,38.62412648586482,0.965145103944714,0.04396066981550391,0.4833243000241853
445,20859.375,zero,0.10386220368475435,0.10091960909129574,0.11131686977963456,39.75526685873031,0.9666909371362499,0.07199485017507214,0.35749349720801793
446,20906.25,zero,0.14600128341760849,0.154960229446928,0.16326878316707488,41.97240163470906,0.9584461266776726,0.07089084688578164,0.3966638536859581
447,20953.125,zero,0.12342319134020655,0.11114878926147922,0.12038313495061037,39.18482506347543,0.951514595222007,0.07937032477652668,0.3880559733104622
448,21000.0,zero,0.020701710386606387,0.06064708500525525,0.08677709762785538,24.683705553523097,0.9327936177320758,0.45692798970203025,5.289385347515336
449,21046.875,zero,0.15068892498752487,0.10832979953945901,0.09761310776598242,39.64460286008985,0.9491072132195182,0.033820850434619784,1.6076338916156887
450,21093.75,zero,0.11621381593014074,0.12562377692293725,0.12440745807907608,40.52949069771267,0.953132985915664,0.03525274054106094,0.30086801012068815
451,21140.625,zero,0.09103905151427755,0.09978958956489323,0.13944189213447375,39.01932666771289,0.9610217307712343,0.04007449936387356,1.5914957792338091
452,21187.5,zero,0.09211644330765018,0.10961809549974535,0.1231666646158717,38.664608353308154,0.9574743909431437,0.05458802143630543,1.0367442237555586
453,21234.375,zero,0.08106312117369918,0.08701711085499186,0.11106877372751503,37.44508445378954,0.9573743341275412,0.039918373839440933,1.1716364125755248
454,21281.25,zero,0.03921525330498359,0.030815390837083616,0.048111916637627344,27.79992001379533,0.9546009499030975,0.09228593380651393,1.5815730071115863
455,21328.125,zero,0.09862380646352428,0.09892558190065467,0.10212346598377939,38.54748185314895,0.9482212187346762,0.044467331724483077,0.1369513133441156
456,21375.0,zero,0.08087656167930407,0.09132961754532215,0.11516942248960305,37.696813329979044,0.9527375039474907,0.05781846471163665,1.2736476968070929
457,21421.875,zero,0.033592606601399136,0.08679205123874609,0.0985915879209687,30.02390127815395,0.9127853214895079,0.11902234156675642,4.1721276777397325
458,21468.75,zero,0.023182188223935134,0.06493458032597896,0.07481918381386526,26.431700055209877,0.9229298905388172,0.3247003184216101,4.535393790994956
459,21515.625,zero,0.014927726754804482,0.042123990904517364,0.06945810757333182,22.886491687822037,0.9523580109098823,0.1808309768275022,5.561845830369148
460,21562.5,zero,0.02816669556909233,0.010868388089902719,0.023668857987451053,20.21163854729188,0.9267730965072565,0.1612966847837644,3.5963073715665232
461,21609.375,zero,0.0659821386354616,0.06585557914862313,0.06377122550592532,35.51165012609669,0.9503385656612029,0.07857441804709386,0.13579119173197957
462,21656.25,zero,0.06349201138928927,0.06352396865684488,0.0617336096519453,35.61818384021257,0.9575458777925118,0.05018185756908407,0.11604223593435134
463,21703.125,zero,0.06095667988956545,0.06643330134994024,0.05244384541752335,34.57572747243775,0.951859976344549,0.07586710479764439,0.8487690475764076
464,21750.0,zero,0.10602291878847453,0.08393410810142492,0.07213237955979072,37.420027434242215,0.9601641445991346,0.03281179040167388,1.3760522766659953
465,21796.875,zero,0.08256631130714098,0.08049560018665192,0.06300279734353079,36.30366801912234,0.9651204299666143,0.05115422509517221,1.0591008131253035
466,21843.75,zero,0.11112062739624806,0.11459813924813339,0.11715253158852626,40.38184590067648,0.9548941287391773,0.020857269316011437,0.18830101866147425
467,21890.625,zero,0.09853732545937002,0.1041238557099464,0.10016150947428576,39.30219813966189,0.9593491574921142,0.01646854785423453,0.20087476452400793
468,21937.5,zero,0.09926669777845007,0.09699649413650836,0.0935435633798222,39.460134079339014,0.953828024487851,0.017162675917596164,0.21227596585997335
469,21984.375,zero,0.11749700042627914,0.10943608044181306,0.10168249388531936,39.09387666045285,0.9612198502953291,0.04418110169303651,0.5126251844574072
470,22031.25,zero,0.08797679201248518,0.06993451912555709,0.06609414260788599,36.471877515541784,0.9508602340731147,0.0690016178022679,1.0742228723183083
471,22078.125,zero,0.08038086738294617,0.11140219068386314,0.09160822829963906,37.47714666172991,0.9512827297838247,0.03289973010352612,1.1649085654086946
472,22125.0,zero,0.06314395377251097,0.07437592559766722,0.06434534555178861,35.56964073251549,0.9616676675666608,0.05942238867462477,0.6352821024318852
473,22171.875,zero,0.07147790340623504,0.06110139967970107,0.04777032788943596,34.07785707716978,0.9329897653750727,0.0352618473041434,1.4406214187215838
474,22218.75,zero,0.04398303354498327,0.05562088125046421,0.05920995088714702,31.908071309162192,0.947611934947478,0.09521928087011233,1.111577703584974
475,22265.625,zero,0.07169870918433996,0.05819699902112295,0.05647171573387638,35.10294010288349,0.9463739086297932,0.04274086720518201,0.9220927378907472
476,22312.5,zero,0.053473930696215116,0.03944188645508939,0.040147060307587974,31.77292203558698,0.9598580991987397,0.06369537290439435,1.21159774297702
477,22359.375,zero,0.06534081225474317,0.0561949737162448,0.05108553984765808,34.75684106942056,0.9593474706842084,0.039567182053093446,0.8800809244253983
478,22406.25,zero,0.05542274624058874,0.04591742561238991,0.046611094255191096,33.11950067364712,0.9620777527001724,0.1367453198448423,0.7415857359756223
479,22453.125,zero,0.03434477252349553,0.04800751541074156,0.05539417286983908,29.43875522501585,0.9465126651611561,0.1859646466385322,1.7399579060741814
480,22500.0,zero,0.05307973251289187,0.05230215840941965,0.04771576347417116,33.805372324453025,0.9370154171730024,0.1400254057888713,0.40935380077299777
481,22546.875,zero,0.04122324078846501,0.04048784475682694,0.03417185438193618,31.01320311426624,0.9502223184073229,0.0697989492809383,0.7340687408164601
482,22593.75,zero,0.05054848557578323,0.05987807541971216,0.06124246484394838,32.99997704729082,0.9397475934856903,0.05171739755836727,0.7439557284337315
483,22640.625,zero,0.06369639285624515,0.06561379646103901,0.05401393779964685,34.78428031794919,0.9421140528963712,0.04136879579711423,0.7433317776810132
484,22687.5,zero,0.0463431945560802,0.049359420228010445,0.048288154023355144,32.32170498225412,0.9412369062113677,0.05826976507905399,0.2270082070891596
485,22734.375,zero,0.048601862767356764,0.05012156542289559,0.04521612643323347,32.06099044810386,0.941927320212689,0.07643468486015485,0.3749436343879844
486,22781.25,zero,0.036241697125534086,0.038412937439584724,0.034930911805780784,30.040324765551944,0.9366177908588484,0.07855716630635509,0.33977063221535825
487,22828.125,zero,0.05636018199655203,0.056418867802043624,0.04669728759162278,33.64871638456127,0.9396376423035367,0.06408291918230404,0.7722327929615781
488,22875.0,zero,0.03732685644284668,0.0376787184686726,0.03543385792264257,29.283675226465895,0.9447562184641211,0.0948748535902427,0.2346814965238733
489,22921.875,zero,0.035242386088638694,0.034900968295867196,0.04125062943750679,30.051397901494443,0.9450213365396325,0.07447140958054141,0.6653802272637411
490,22968.75,zero,0.029691514058290125,0.033336424950097705,0.04633480202264982,28.948818911145512,0.9281679159686633,0.06868669092043792,1.63747249382221
491,23015.625,zero,0.03114580916487887,0.042362599301984105,0.049084774492308,28.390709650825436,0.9271475361768108,0.11577583493497104,1.646014998099371
492,23062.5,zero,0.03729792267724201,0.04143364639009508,0.052628652735209405,30.697906123823987,0.9299665425378717,0.10473154908187655,1.2514151723236322
493,23109.375,zero,0.04036798916213297,0.047463277267925874,0.05542941702398452,31.319575823250155,0.9249563331157644,0.12097250486960731,1.124427174307808
494,23156.25,zero,0.039346803175149506,0.038735381540128816,0.05002057686241042,30.929433646137458,0.9116514944201499,0.09467834326504826,1.0163585078837623
495,23203.125,zero,0.02420028893925453,0.029132444285866775,0.04539327860825432,26.552238711019243,0.8952685305037467,0.16855287147263742,2.2921326236607316
496,23250.0,zero,0.029703339510145733,0.03721445034667127,0.04659792347468851,28.280948891083987,0.9138852724221268,0.18237600809342913,1.5967516417877616
497,23296.875,zero,0.043779327252318735,0.04205332866406453,0.04229163823061035,31.895950629894443,0.9518712794522919,0.1494634373633977,0.15443314547016931
498,23343.75,zero,0.04282214416005739,0.04512439890990243,0.0467139956213454,31.61579799653216,0.967825424774858,0.11847545183740482,0.310593477771957
499,23390.625,zero,0.03778882189126179,0.03971279612079531,0.043221425044747575,30.54409498324606,0.9735370349690365,0.15584588501763427,0.4816697255330823
500,23437.5,zero,0.039165146457299085,0.03553125886003558,0.036843069819773575,30.637587276963174,0.9825658053276152,0.22620214877511036,0.3490218657432332
501,23484.375,zero,0.042388935312556233,0.03952713775516618,0.03934238366833269,31.683421270315865,0.9709467149164923,0.2701997597408864,0.29626769138050696
502,23531.25,zero,0.04002422904093549,0.036124636935022054,0.03602574205994522,30.697788410114725,0.9764597102567505,0.26643558160766995,0.4254571213742884
503,23578.125,zero,0.04320864697869653,0.03436918406775453,0.03210153845985979,30.243461787319134,0.9860914760693614,0.2482379461778524,1.1037701610852417
504,23625.0,zero,0.04285340536160315,0.03913542536689004,0.03524775205894476,31.249976105338078,0.978743965110789,0.27758098154683547,0.6934109092165086
505,23671.875,zero,0.022758285127322933,0.03771223310426293,0.011474986682939128,21.354297180129954,0.42636131791437964,0.7219116170309235,4.235093668057076
506,23718.75,zero,0.01727171420199302,0.032627046383823355,0.011010112309785266,21.059829932803243,0.5971878822346107,1.0650699694597594,3.8708551715879773
507,23765.625,zero,0.017615201840271284,0.031407627511350455,0.013314099393674913,22.695219515478648,0.6627493400230957,0.8674528141438042,3.1039647674051696
508,23812.5,zero,0.01765564651770121,0.029288083253620402,0.012100855239898772,21.65861477036919,0.6395487193901939,1.0471431973343057,3.1453199907459872
509,23859.375,zero,0.016913584848596598,0.027388681477635457,0.011810829801520314,21.68163797025376,0.6664586565027062,1.1102321866648825,2.9931824891555667
510,23906.25,zero,0.017282145516683278,0.031577503409419616,0.016989005126997435,24.21011474243036,0.7036588143133997,1.1453597735740648,2.5038457390002558
511,23953.125,zero,0.012841257489720662,0.028728422718189338,0.015191541716918694,21.606564568867558,0.5967309136027912,1.2002342875164083,3.0124895634895017
