bin,freq_hz,abs_h,training_noise,silence_noise,mean_abs_llr,llr_count
64,6000.0,0.4328646043109665,0.13950127090083525,0.0005983008597506412,3.559100095561264,2856
65,6093.75,0.7731864153344286,0.2527669597969599,0.0005147368609188678,3.720068109486576,2857
66,6187.5,1.6115524197114728,0.44353736169728947,0.0004071661575082502,9.621904298034545,2857
67,6281.25,2.0156280287178756,0.3042148941599396,0.0005460533877968688,18.946466269911983,2857
68,6375.0,2.4930536093568176,0.48110045332347534,0.0005475991892497018,17.635402103798985,2856
69,6468.75,2.287110432324827,0.5463517325033271,0.0005736857452560842,20.014709107778017,2857
70,6562.5,1.9702982554191135,0.3622721782875555,0.00046541390441635997,19.92914580147572,2857
71,6656.25,1.4460325065209028,0.4490984028024532,0.0005098826702194765,16.369219654434986,2857
72,6750.0,1.366388575365989,0.3148732600376272,0.0003512765624240565,14.074698509891025,2856
73,6843.75,1.3863782156798055,0.24021030282729933,0.0004919753059836716,13.301805567221475,2857
74,6937.5,0.9452148903716526,0.1732799398038063,0.000474255040028264,11.089009557271309,2857
75,7031.25,0.7378881935877556,0.1791734268993111,0.00044897436675652276,4.112221324820281,2857
76,7125.0,0.45630087107895295,0.17438544564286212,0.0006610237040821849,4.188886255236586,2856
77,7218.75,0.6283182936878858,0.2269910252576063,0.0005160872772734087,4.253810183289591,2857
78,7312.5,1.3818319726156232,0.288346146574612,0.0005592155185004724,12.044120125451485,2857
79,7406.25,1.490183812169019,0.37613329809528245,0.0004390830870140607,11.642248756883406,2857
80,7500.0,1.7580860173876593,0.23664920943237594,0.00041796611711728915,17.449913898638375,2856
81,7593.75,1.6482945320607452,0.20193732938665315,0.00037807539984948253,20.588426723808524,2857
82,7687.5,1.9908520895142126,0.2562625519475366,0.0004695967839395114,22.179608736519974,2857
83,7781.25,2.493274403504725,0.23971865672331108,0.0003912859836956129,23.377025742843387,2857
84,7875.0,2.5279879072418483,0.40390716284332084,0.00039242956094926584,23.32329508419121,2856
85,7968.75,2.5722343093036586,0.32042115885974826,0.0002644189519600541,23.26454256740093,2857
86,8062.5,2.6225862682070074,0.2060151936788474,0.0004165036869330413,22.97248856154106,2857
87,8156.25,2.3508822121505624,0.1780776855972905,0.0005975761733630156,22.45723853650312,2857
88,8250.0,2.178647520202403,0.5821764755368064,0.0007305946175294145,17.174107970778657,2856
89,8343.75,2.4551156147448636,0.4181429740091527,0.00041853547686772325,20.149382827947342,2857
90,8437.5,2.5611578165170648,0.37535153738926014,0.00046343644189037326,21.15945504374216,2857
91,8531.25,2.4080993085190463,0.5691083540348415,0.00046337389434189703,17.30337504090582,2857
92,8625.0,2.468894796451456,0.4264265613376671,0.0005234819578700716,20.41904826467346,2856
93,8718.75,2.3845691884348375,0.5483697384946828,0.0005745528477863101,18.95931476023287,2857
94,8812.5,2.107014633050823,0.425631810563249,0.0003761812040472306,20.73513903256053,2857
95,8906.25,1.6906529559799717,0.39776038400300023,0.000254637205018203,20.48233165723511,2857
96,9000.0,1.709421966025363,0.625415580243386,0.0003631464368822775,15.298755714169367,2856
97,9093.75,1.826182602251216,0.5704208385428982,0.0003728894652856005,14.917584927544405,2857
98,9187.5,2.455309807185993,1.4692861304510973,0.0003803687841426383,6.141069458220479,2857
99,9281.25,1.9979724768683675,1.4253244619969723,0.0004704891529375715,3.4732409743389354,2857
100,9375.0,1.5362228477027615,0.989878158201205,0.0005828507402180509,2.7429629996557976,2856
101,9468.75,0.824118908344813,1.0820313839379323,0.00041079286801913324,1.4260786564241055,2857
102,9562.5,0.37740321506660324,0.7162833354713752,0.00042939829856948104,2.1707091112353942,2857
103,9656.25,0.7597204025066966,0.6791762914034545,0.0003419100293614472,2.361094510579215,2857
104,9750.0,0.6331297218762644,0.571382674569278,0.0004296050099469302,3.023945075981733,2856
105,9843.75,0.9955042912607881,1.1758139749092273,0.00029212266329228386,1.4366678927910752,2857
106,9937.5,0.77980817723755,0.5027512346467803,0.00046079322956550027,2.869423847096013,2857
107,10031.25,0.8500553756111457,0.6258745496200223,0.0005164020909796612,3.452855096746562,2857
108,10125.0,0.6928533978996932,0.21974663752263088,0.0005590617421510852,9.755500695495567,2856
109,10218.75,0.7856286307485482,0.33084731272596496,0.00036780069395378153,8.370341901493848,2857
110,10312.5,0.789570034956985,0.2787705700830047,0.0006009419731557335,10.836553111662933,2857
111,10406.25,0.7015689632637516,0.7033713350862157,0.0004757056384493367,5.382697582850123,2857
112,10500.0,0.5330138340539002,0.46339856511141897,0.000481969573462949,5.752672433775627,2856
113,10593.75,0.8937189931617721,0.5846854008397023,0.000365011730324178,6.511937102975119,2857
114,10687.5,0.3114107482766766,0.6392944503552841,0.0003618100003451729,2.459105000963542,2857
115,10781.25,0.5978982250636501,0.7163850623595837,0.00039554786393677265,1.4080084865432358,2857
116,10875.0,0.5475578230176434,0.5828629794380717,0.00040343628519784875,2.3770817116560496,2856
117,10968.75,0.6339100156478157,0.5410722946248144,0.00043328936882678,3.973725446693624,2857
118,11062.5,0.4590094938850502,1.0411769948372924,0.00036550636823169484,1.8342713627277911,2857
119,11156.25,0.4716656314143472,0.8950779847812202,0.0004572907266134026,4.227314954594236,2857
120,11250.0,0.7714230744604093,1.1828543850359954,0.0003767900770679079,2.636421365250597,2856
158,14812.5,0.3541157961662459,0.6363403948049366,0.0012358098755544478,1.5172341831859717,2856
159,14906.25,0.10533814796692569,0.5230155641894607,0.0012056405444987657,1.0809000303549985,2857
160,15000.0,0.33406300432540076,0.46676501284489025,0.0021579227682186454,2.036466375902041,2857
161,15093.75,0.3988643840896207,0.3426913421638532,0.00226186894552613,5.00497574140604,2856
162,15187.5,0.5309166723162848,0.5485131543983635,0.001140734098785716,3.1974362233114686,2856
163,15281.25,0.2325309478633888,0.5983180421077946,0.001544099648298601,1.4865088592783435,2856
164,15375.0,0.3226867940918072,0.5957124005635279,0.0010996823101907206,2.210786551417163,2856
165,15468.75,0.44190623389133515,0.5549412532071571,0.0010280399181264628,2.902396868823149,2856
166,15562.5,0.6998499448663279,0.3980622712745455,0.0008926896605448894,7.782589113901182,2856
167,15656.25,0.720878151926526,0.3921013966669906,0.001485326703779653,9.446024247960457,2856
168,15750.0,0.7967614436353512,0.3240246955998148,0.0011212215652369902,11.047059917402844,2856
169,15843.75,0.6328578519707548,0.3301500208463245,0.0006970771942875439,8.13376892868599,2856
170,15937.5,0.23440397098870072,0.2337868242964004,0.001282368204294347,6.5133342170951085,2856
171,16031.25,0.3057665797283809,0.23664169718919814,0.0011145548063564953,4.722887929753691,2856
172,16125.0,0.35204982132207496,0.24729907715913813,0.0008130597401864918,4.038988195119988,2856
173,16218.75,0.26006461211625764,0.14886810189294059,0.0011361846098429764,2.9962998484452568,2856
174,16312.5,0.10456573139942184,0.10916226550094096,0.0007758469806628192,1.606271695977305,2856
175,16406.25,0.15731369628475644,0.13640528576028849,0.000984203121695045,2.3955923694549592,2856
176,16500.0,0.1645395590878328,0.1072108009680735,0.000896318485713659,3.928703059500007,2856
177,16593.75,0.2055183694483145,0.11130399967887453,0.0007097308977925409,3.9020840053236143,2856
178,16687.5,0.2836381071663592,0.1393171199804321,0.001291132385201406,4.45748464754947,2856
